captured_utc,date,player,market,side,line,odds,tier,ev,pinn,src
2026-06-14T13:47:20+00:00,2026-06-14,Shakira Austin,pts,Under,15.5,1.9,STRONG,0.445,,model
2026-06-14T13:47:20+00:00,2026-06-14,Jonquel Jones,pra,Over,24.5,1.73,STRONG,0.265,,hotover
2026-06-14T13:47:20+00:00,2026-06-14,Angel Reese,pra,Over,30.5,1.91,SOLID,0.146,,hotover
2026-06-14T13:47:20+00:00,2026-06-14,Michaela Onyenwere,pts,Over,9.5,1.909,STRONG,0.403,,overshoot
2026-06-14T16:17:37+00:00,2026-06-14,Shakira Austin,pts,Under,15.5,1.9,STRONG,0.445,15.5,model
2026-06-14T16:17:37+00:00,2026-06-14,Jonquel Jones,pra,Over,24.5,1.8,STRONG,0.316,,hotover
2026-06-14T16:17:37+00:00,2026-06-14,Angel Reese,pra,Over,30.5,1.83,SOLID,0.098,,hotover
2026-06-14T16:17:37+00:00,2026-06-14,Michaela Onyenwere,pts,Over,9.5,1.7,STRONG,0.249,,overshoot
2026-06-15T11:51:24+00:00,2026-06-15,Natasha Howard,pa,Over,19.5,1.87,STRONG,0.47,,overshoot
2026-06-15T11:51:24+00:00,2026-06-15,Kelsey Plum,pts,Over,20.5,1.9,STRONG,0.472,,overshoot
2026-06-15T11:51:24+00:00,2026-06-15,Nalyssa Smith,pr,Over,16.5,1.73,STRONG,0.327,,overshoot
2026-06-15T11:51:24+00:00,2026-06-15,Chelsea Gray,pra,Over,22.5,1.833,STRONG,0.402,,overshoot
2026-06-15T11:51:24+00:00,2026-06-15,Kelsey Plum,pr,Over,22.5,1.8,STRONG,0.353,,overshoot
2026-06-15T11:51:24+00:00,2026-06-15,Kelsey Plum,pa,Over,26.5,1.741,STRONG,0.301,,overshoot
2026-06-15T17:04:45+00:00,2026-06-15,Natasha Howard,pa,Over,19.5,1.87,STRONG,0.47,,overshoot
2026-06-15T17:04:45+00:00,2026-06-15,Chelsea Gray,pra,Over,22.5,1.952,STRONG,0.493,,overshoot
2026-06-15T17:04:45+00:00,2026-06-15,Kelsey Plum,pr,Over,22.5,1.8,STRONG,0.353,,overshoot
2026-06-15T17:04:45+00:00,2026-06-15,Kelsey Plum,pra,Over,29.5,1.893,STRONG,0.385,,overshoot
2026-06-15T17:04:45+00:00,2026-06-15,Natasha Howard,pra,Over,27.5,1.87,STRONG,0.28,,overshoot
2026-06-15T19:46:48+00:00,2026-06-15,Natasha Howard,pa,Over,19.5,1.87,STRONG,0.47,,overshoot
2026-06-15T19:46:48+00:00,2026-06-15,Chelsea Gray,pra,Over,22.5,1.952,STRONG,0.493,,overshoot
2026-06-15T19:46:48+00:00,2026-06-15,Kelsey Plum,pr,Over,22.5,1.8,STRONG,0.353,,overshoot
2026-06-15T19:46:48+00:00,2026-06-15,Kelsey Plum,pra,Over,29.5,1.893,STRONG,0.385,,overshoot
2026-06-15T19:46:48+00:00,2026-06-15,Natasha Howard,pra,Over,27.5,1.87,STRONG,0.28,,overshoot
2026-06-15T20:49:08+00:00,2026-06-15,Natasha Howard,pa,Over,19.5,1.87,STRONG,0.47,,overshoot
2026-06-15T20:49:08+00:00,2026-06-15,Chelsea Gray,pra,Over,22.5,1.952,STRONG,0.493,,overshoot
2026-06-15T20:49:08+00:00,2026-06-15,Kelsey Plum,pr,Over,22.5,1.8,STRONG,0.353,,overshoot
2026-06-15T20:49:08+00:00,2026-06-15,Kelsey Plum,pra,Over,29.5,1.893,STRONG,0.385,,overshoot
2026-06-15T20:49:08+00:00,2026-06-15,Natasha Howard,pra,Over,27.5,1.87,STRONG,0.28,,overshoot
2026-06-15T22:18:05+00:00,2026-06-15,Paige Bueckers,pra,Over,28.5,1.909,STRONG,0.289,,overshoot
2026-06-15T22:18:05+00:00,2026-06-15,Natasha Howard,pa,Over,19.5,1.87,STRONG,0.47,,overshoot
2026-06-15T22:18:05+00:00,2026-06-15,Chelsea Gray,pra,Over,22.5,1.952,STRONG,0.493,,overshoot
2026-06-15T22:18:05+00:00,2026-06-15,Kelsey Plum,pr,Over,22.5,1.8,STRONG,0.353,,overshoot
2026-06-15T22:18:05+00:00,2026-06-15,Kelsey Plum,pra,Over,29.5,1.893,STRONG,0.385,,overshoot
2026-06-15T22:18:05+00:00,2026-06-15,Natasha Howard,pra,Over,27.5,1.87,STRONG,0.28,,overshoot
2026-06-15T22:59:20+00:00,2026-06-15,Paige Bueckers,pra,Over,28.5,1.909,STRONG,0.289,,overshoot
2026-06-15T22:59:20+00:00,2026-06-15,Natasha Howard,pa,Over,19.5,1.87,STRONG,0.47,,overshoot
2026-06-15T22:59:20+00:00,2026-06-15,Chelsea Gray,pra,Over,22.5,1.952,STRONG,0.493,,overshoot
2026-06-15T22:59:20+00:00,2026-06-15,Kelsey Plum,pr,Over,22.5,1.8,STRONG,0.353,,overshoot
2026-06-15T22:59:20+00:00,2026-06-15,Kelsey Plum,pra,Over,29.5,1.893,STRONG,0.385,,overshoot
2026-06-15T22:59:20+00:00,2026-06-15,Natasha Howard,pra,Over,27.5,1.87,STRONG,0.28,,overshoot
2026-06-16T10:59:12+00:00,2026-06-16,Aliyah Boston,pra,Over,28.5,1.87,THIN,0.054,,hotover
2026-06-16T16:30:52+00:00,2026-06-16,Aliyah Boston,pra,Over,28.5,1.87,THIN,0.054,,hotover
2026-06-16T21:35:49+00:00,2026-06-16,Aliyah Boston,pra,Over,28.5,1.87,THIN,0.054,,hotover
2026-06-16T21:35:49+00:00,2026-06-16,Gabriela Jaquez,pts,Under,8.5,1.84,THIN,0.038,,model
2026-06-16T21:35:49+00:00,2026-06-16,Kamilla Cardoso,pra,Under,23.5,1.714,STRONG,0.143,,model
2026-06-16T21:35:49+00:00,2026-06-16,Arike Ogunbowale,pa,Over,17.5,1.91,THIN,0.047,,flip
2026-06-16T21:35:49+00:00,2026-06-16,Jessica Shepard,pts,Over,11.5,1.82,SOLID,0.059,,flip
2026-06-16T21:35:49+00:00,2026-06-16,Azzi Fudd,pts,Over,12.5,1.92,THIN,0.032,,flip
2026-06-16T21:35:49+00:00,2026-06-16,Dearica Hamby,pra,Under,22.5,1.909,STRONG,0.318,,model
2026-06-16T21:35:49+00:00,2026-06-16,Kayla McBride,pts,Under,14.5,1.81,STRONG,0.362,,newunder
2026-06-16T21:35:49+00:00,2026-06-16,Courtney Williams,pts,Under,16.5,1.76,SOLID,0.031,,newunder
2026-06-16T21:35:49+00:00,2026-06-16,Kahleah Copper,pra,Over,23.5,1.87,SOLID,0.089,,hotover
2026-06-16T21:35:49+00:00,2026-06-16,Sarah Ashlee Barker,pts,Under,10.5,1.78,STRONG,0.354,,newunder
2026-06-16T21:35:49+00:00,2026-06-16,Michaela Onyenwere,pts,Over,9.5,1.8,STRONG,0.462,,overshoot
2026-06-16T21:35:49+00:00,2026-06-16,Natisha Hiedeman,pr,Over,15.5,1.833,STRONG,0.403,,overshoot
2026-06-16T21:35:49+00:00,2026-06-16,Nalyssa Smith,pr,Over,16.5,1.87,STRONG,0.418,,overshoot
2026-06-16T21:35:49+00:00,2026-06-16,Natasha Howard,pts,Over,16.5,1.82,STRONG,0.307,,overshoot
2026-06-16T21:35:49+00:00,2026-06-16,Kelsey Plum,pts,Over,20.5,1.77,STRONG,0.224,,overshoot
2026-06-16T22:57:32+00:00,2026-06-16,Gabriela Jaquez,pts,Under,8.5,1.84,THIN,0.038,,model
2026-06-16T22:57:32+00:00,2026-06-16,Kamilla Cardoso,pra,Under,23.5,1.714,STRONG,0.143,,model
2026-06-16T22:57:32+00:00,2026-06-16,Arike Ogunbowale,pa,Over,17.5,1.909,THIN,0.046,,flip
2026-06-16T22:57:32+00:00,2026-06-16,Jessica Shepard,pts,Over,11.5,1.82,SOLID,0.059,,flip
2026-06-16T22:57:32+00:00,2026-06-16,Azzi Fudd,pts,Over,12.5,1.92,THIN,0.032,,flip
2026-06-16T22:57:32+00:00,2026-06-16,Dearica Hamby,pra,Under,22.5,1.909,STRONG,0.318,,model
2026-06-16T22:57:32+00:00,2026-06-16,Kayla McBride,pts,Under,14.5,1.81,STRONG,0.362,,newunder
2026-06-16T22:57:32+00:00,2026-06-16,Courtney Williams,pts,Under,16.5,1.76,SOLID,0.031,,newunder
2026-06-16T22:57:32+00:00,2026-06-16,Kahleah Copper,pra,Over,23.5,1.87,SOLID,0.089,,hotover
2026-06-16T22:57:32+00:00,2026-06-16,Sarah Ashlee Barker,pts,Under,10.5,1.78,STRONG,0.354,,newunder
2026-06-16T22:57:32+00:00,2026-06-16,Michaela Onyenwere,pts,Over,9.5,1.8,STRONG,0.462,,overshoot
2026-06-16T22:57:32+00:00,2026-06-16,Natisha Hiedeman,pr,Over,15.5,1.833,STRONG,0.403,,overshoot
2026-06-16T22:57:32+00:00,2026-06-16,Nalyssa Smith,pr,Over,16.5,1.87,STRONG,0.418,,overshoot
2026-06-16T22:57:32+00:00,2026-06-16,Natasha Howard,pts,Over,16.5,1.82,STRONG,0.307,,overshoot
2026-06-16T22:57:32+00:00,2026-06-16,Kelsey Plum,pts,Over,20.5,1.77,STRONG,0.224,,overshoot
2026-06-16T23:10:23+00:00,2026-06-16,Gabriela Jaquez,pts,Under,8.5,1.84,THIN,0.038,,model
2026-06-16T23:10:23+00:00,2026-06-16,Kamilla Cardoso,pra,Under,23.5,1.714,STRONG,0.143,,model
2026-06-16T23:10:23+00:00,2026-06-16,Arike Ogunbowale,pa,Over,17.5,1.909,THIN,0.046,,flip
2026-06-16T23:10:23+00:00,2026-06-16,Jessica Shepard,pts,Over,11.5,1.82,SOLID,0.059,,flip
2026-06-16T23:10:23+00:00,2026-06-16,Azzi Fudd,pts,Over,12.5,1.92,THIN,0.032,,flip
2026-06-16T23:10:23+00:00,2026-06-16,Dearica Hamby,pra,Under,22.5,1.909,STRONG,0.318,,model
2026-06-16T23:10:23+00:00,2026-06-16,Kayla McBride,pts,Under,14.5,1.81,STRONG,0.362,,newunder
2026-06-16T23:10:23+00:00,2026-06-16,Courtney Williams,pts,Under,16.5,1.76,SOLID,0.031,,newunder
2026-06-16T23:10:23+00:00,2026-06-16,Sarah Ashlee Barker,pts,Under,10.5,1.78,STRONG,0.354,,newunder
2026-06-16T23:10:23+00:00,2026-06-16,Michaela Onyenwere,pts,Over,9.5,1.8,STRONG,0.462,,overshoot
2026-06-16T23:10:23+00:00,2026-06-16,Natisha Hiedeman,pr,Over,15.5,1.833,STRONG,0.403,,overshoot
2026-06-16T23:10:23+00:00,2026-06-16,Natasha Howard,pts,Over,16.5,1.82,STRONG,0.307,,overshoot
2026-06-16T23:10:23+00:00,2026-06-16,Kelsey Plum,pts,Over,20.5,1.77,STRONG,0.224,,overshoot
2026-06-17T01:43:31+00:00,2026-06-16,Gabriela Jaquez,pts,Under,8.5,1.78,THIN,0.004,,model
2026-06-17T01:43:31+00:00,2026-06-16,Kamilla Cardoso,pra,Under,23.5,1.714,STRONG,0.143,,model
2026-06-17T01:43:31+00:00,2026-06-16,Arike Ogunbowale,pa,Over,17.5,1.909,THIN,0.046,,flip
2026-06-17T01:43:31+00:00,2026-06-16,Jessica Shepard,pts,Over,11.5,1.82,SOLID,0.059,,flip
2026-06-17T01:43:31+00:00,2026-06-16,Azzi Fudd,pts,Over,12.5,1.93,THIN,0.038,,flip
2026-06-17T01:43:31+00:00,2026-06-16,Dearica Hamby,pra,Under,22.5,1.909,STRONG,0.318,,model
2026-06-17T01:43:31+00:00,2026-06-16,Kayla McBride,pts,Under,14.5,1.87,STRONG,0.407,,newunder
2026-06-17T01:43:31+00:00,2026-06-16,Courtney Williams,pts,Under,16.5,1.8,SOLID,0.055,,newunder
2026-06-17T01:43:31+00:00,2026-06-16,Kahleah Copper,pra,Over,23.5,1.87,SOLID,0.089,,hotover
2026-06-17T01:43:31+00:00,2026-06-16,Sarah Ashlee Barker,pts,Under,10.5,1.83,STRONG,0.392,,newunder
2026-06-17T01:43:31+00:00,2026-06-16,Michaela Onyenwere,pts,Over,9.5,1.8,STRONG,0.462,,overshoot
2026-06-17T01:43:31+00:00,2026-06-16,Natisha Hiedeman,pr,Over,15.5,1.833,STRONG,0.403,,overshoot
2026-06-17T01:43:31+00:00,2026-06-16,Nalyssa Smith,pr,Over,16.5,1.87,STRONG,0.418,,overshoot
2026-06-17T01:43:31+00:00,2026-06-16,Natasha Howard,pts,Over,16.5,1.78,STRONG,0.279,,overshoot
2026-06-17T05:16:27+00:00,2026-06-16,Kamilla Cardoso,pra,Under,23.5,1.714,STRONG,0.143,,model
2026-06-17T05:16:27+00:00,2026-06-16,Arike Ogunbowale,pa,Over,17.5,1.909,THIN,0.046,,flip
2026-06-17T05:16:27+00:00,2026-06-16,Jessica Shepard,pts,Over,11.5,1.95,SOLID,0.135,,flip
2026-06-17T05:16:27+00:00,2026-06-16,Azzi Fudd,pts,Over,12.5,1.89,THIN,0.016,,flip
2026-06-17T05:16:27+00:00,2026-06-16,Dearica Hamby,pra,Under,22.5,1.909,STRONG,0.318,,model
2026-06-17T05:16:27+00:00,2026-06-16,Kayla McBride,pts,Under,14.5,1.83,STRONG,0.377,,newunder
2026-06-17T05:16:27+00:00,2026-06-16,Courtney Williams,pts,Under,16.5,1.8,SOLID,0.055,,newunder
2026-06-17T05:16:27+00:00,2026-06-16,Kahleah Copper,pra,Over,23.5,1.87,SOLID,0.089,,hotover
2026-06-17T05:16:27+00:00,2026-06-16,Sarah Ashlee Barker,pts,Under,10.5,1.85,STRONG,0.408,,newunder
2026-06-17T05:16:27+00:00,2026-06-16,Michaela Onyenwere,pts,Over,9.5,1.8,STRONG,0.462,,overshoot
2026-06-17T05:16:27+00:00,2026-06-16,Natisha Hiedeman,pr,Over,15.5,1.833,STRONG,0.403,,overshoot
2026-06-17T05:16:27+00:00,2026-06-16,Nalyssa Smith,pr,Over,16.5,1.87,STRONG,0.418,,overshoot
2026-06-17T05:16:27+00:00,2026-06-16,Natasha Howard,pts,Over,16.5,1.81,STRONG,0.3,,overshoot
2026-06-17T06:54:13+00:00,2026-06-16,Gabriela Jaquez,pts,Under,8.5,1.833,THIN,0.034,,model
2026-06-17T06:54:13+00:00,2026-06-16,Kamilla Cardoso,pra,Under,23.5,1.714,STRONG,0.143,,model
2026-06-17T06:54:13+00:00,2026-06-16,Arike Ogunbowale,pa,Over,17.5,1.909,THIN,0.046,,flip
2026-06-17T06:54:13+00:00,2026-06-16,Jessica Shepard,pts,Over,11.5,1.95,SOLID,0.135,,flip
2026-06-17T06:54:13+00:00,2026-06-16,Azzi Fudd,pts,Over,12.5,1.89,THIN,0.016,,flip
2026-06-17T06:54:13+00:00,2026-06-16,Dearica Hamby,pra,Under,22.5,1.909,STRONG,0.318,,model
2026-06-17T06:54:13+00:00,2026-06-16,Kayla McBride,pts,Under,14.5,1.83,STRONG,0.377,,newunder
2026-06-17T06:54:13+00:00,2026-06-16,Courtney Williams,pts,Under,16.5,1.8,SOLID,0.055,,newunder
2026-06-17T06:54:13+00:00,2026-06-16,Kahleah Copper,pra,Over,23.5,1.87,SOLID,0.089,,hotover
2026-06-17T06:54:13+00:00,2026-06-16,Sarah Ashlee Barker,pts,Under,10.5,1.67,STRONG,0.271,,newunder
2026-06-17T06:54:13+00:00,2026-06-16,Michaela Onyenwere,pts,Over,9.5,1.8,STRONG,0.462,,overshoot
2026-06-17T06:54:13+00:00,2026-06-16,Natisha Hiedeman,pr,Over,15.5,1.73,STRONG,0.325,,overshoot
2026-06-17T06:54:13+00:00,2026-06-16,Nalyssa Smith,pr,Over,16.5,1.87,STRONG,0.418,,overshoot
2026-06-17T06:54:13+00:00,2026-06-16,Natasha Howard,pts,Over,16.5,1.81,STRONG,0.3,,overshoot
2026-06-17T11:17:32+00:00,2026-06-17,Kamilla Cardoso,pra,Under,23.5,1.8,STRONG,0.201,,model
2026-06-17T11:17:32+00:00,2026-06-17,Arike Ogunbowale,pa,Over,17.5,1.909,THIN,0.046,,flip
2026-06-17T11:17:32+00:00,2026-06-17,Jessica Shepard,pts,Over,11.5,1.95,SOLID,0.135,,flip
2026-06-17T11:17:32+00:00,2026-06-17,Azzi Fudd,pts,Over,12.5,1.89,THIN,0.016,,flip
2026-06-17T11:17:32+00:00,2026-06-17,Dearica Hamby,pra,Under,25.5,1.8,STRONG,0.41,,model
2026-06-17T11:17:32+00:00,2026-06-17,Kayla McBride,pts,Under,14.5,1.833,STRONG,0.379,,newunder
2026-06-17T11:17:32+00:00,2026-06-17,Courtney Williams,pts,Under,16.5,1.833,SOLID,0.074,,newunder
2026-06-17T11:17:32+00:00,2026-06-17,Kahleah Copper,pra,Over,23.5,1.87,SOLID,0.089,,hotover
2026-06-17T11:17:32+00:00,2026-06-17,Sarah Ashlee Barker,pts,Under,10.5,1.85,STRONG,0.408,,newunder
2026-06-17T11:17:32+00:00,2026-06-17,Michaela Onyenwere,pts,Over,9.5,1.7,STRONG,0.381,,overshoot
2026-06-17T11:17:32+00:00,2026-06-17,Natisha Hiedeman,pr,Over,15.5,1.73,STRONG,0.325,,overshoot
2026-06-17T11:17:32+00:00,2026-06-17,Nalyssa Smith,pr,Over,16.5,1.87,STRONG,0.418,,overshoot
2026-06-17T11:17:32+00:00,2026-06-17,Natasha Howard,pts,Over,16.5,1.8,STRONG,0.293,,overshoot
2026-06-17T16:03:47+00:00,2026-06-17,Kamilla Cardoso,pra,Under,22.5,2.0,SOLID,0.245,,model
2026-06-17T16:03:47+00:00,2026-06-17,Arike Ogunbowale,pa,Over,17.5,1.909,THIN,0.046,,flip
2026-06-17T16:03:47+00:00,2026-06-17,Jessica Shepard,pts,Over,11.5,1.98,SOLID,0.152,11.5,flip
2026-06-17T16:03:47+00:00,2026-06-17,Dearica Hamby,pra,Under,24.5,2.0,STRONG,0.509,,model
2026-06-17T16:03:47+00:00,2026-06-17,Kayla McBride,pts,Under,14.5,1.85,STRONG,0.392,14.5,newunder
2026-06-17T16:03:47+00:00,2026-06-17,Courtney Williams,pts,Under,16.5,1.78,SOLID,0.043,15.5,newunder
2026-06-17T16:03:47+00:00,2026-06-17,Kahleah Copper,pra,Over,23.5,1.87,SOLID,0.089,,hotover
2026-06-17T16:03:47+00:00,2026-06-17,Sarah Ashlee Barker,pts,Under,10.5,1.85,STRONG,0.408,,newunder
2026-06-17T16:03:47+00:00,2026-06-17,Michaela Onyenwere,pts,Over,9.5,1.7,STRONG,0.381,,overshoot
2026-06-17T16:03:47+00:00,2026-06-17,Natisha Hiedeman,pr,Over,15.5,1.833,STRONG,0.403,,overshoot
2026-06-17T17:25:07+00:00,2026-06-17,Kamilla Cardoso,pra,Under,23.5,1.8,STRONG,0.201,,model
2026-06-17T17:25:07+00:00,2026-06-17,Arike Ogunbowale,pa,Over,17.5,1.909,THIN,0.046,,flip
2026-06-17T17:25:07+00:00,2026-06-17,Jessica Shepard,pts,Over,11.5,1.98,SOLID,0.152,11.5,flip
2026-06-17T17:25:07+00:00,2026-06-17,Dearica Hamby,pra,Under,25.5,1.8,STRONG,0.41,,model
2026-06-17T17:25:07+00:00,2026-06-17,Kayla McBride,pts,Under,14.5,1.85,STRONG,0.392,14.5,newunder
2026-06-17T17:25:07+00:00,2026-06-17,Courtney Williams,pts,Under,16.5,1.78,SOLID,0.043,15.5,newunder
2026-06-17T17:25:07+00:00,2026-06-17,Kahleah Copper,pra,Over,23.5,1.87,SOLID,0.089,,hotover
2026-06-17T17:25:07+00:00,2026-06-17,Sarah Ashlee Barker,pts,Under,10.5,1.85,STRONG,0.408,,newunder
2026-06-17T17:25:07+00:00,2026-06-17,Michaela Onyenwere,pts,Over,9.5,1.7,STRONG,0.381,,overshoot
2026-06-17T17:25:07+00:00,2026-06-17,Natisha Hiedeman,pr,Over,15.5,1.833,STRONG,0.403,,overshoot
2026-06-17T19:51:09+00:00,2026-06-17,Kamilla Cardoso,pra,Under,23.5,1.8,STRONG,0.201,,model
2026-06-17T19:51:09+00:00,2026-06-17,Arike Ogunbowale,pa,Over,17.5,1.909,THIN,0.046,,flip
2026-06-17T19:51:09+00:00,2026-06-17,Jessica Shepard,pts,Over,11.5,1.98,SOLID,0.152,11.5,flip
2026-06-17T19:51:09+00:00,2026-06-17,Azzi Fudd,pts,Over,12.5,1.9,THIN,0.022,12.5,flip
2026-06-17T19:51:09+00:00,2026-06-17,Dearica Hamby,pra,Under,25.5,1.8,STRONG,0.41,,model
2026-06-17T19:51:09+00:00,2026-06-17,Kayla McBride,pts,Under,14.5,1.85,STRONG,0.392,14.5,newunder
2026-06-17T19:51:09+00:00,2026-06-17,Courtney Williams,pts,Under,16.5,1.83,SOLID,0.072,15.5,newunder
2026-06-17T19:51:09+00:00,2026-06-17,Kahleah Copper,pra,Over,23.5,1.87,SOLID,0.089,,hotover
2026-06-17T19:51:09+00:00,2026-06-17,Sarah Ashlee Barker,pts,Under,10.5,1.83,STRONG,0.392,,newunder
2026-06-17T19:51:09+00:00,2026-06-17,Natisha Hiedeman,pr,Over,15.5,1.833,STRONG,0.403,,overshoot
2026-06-17T19:51:09+00:00,2026-06-17,Michaela Onyenwere,pts,Over,10.5,2.0,STRONG,0.519,,overshoot
2026-06-17T20:30:55+00:00,2026-06-17,Kamilla Cardoso,pra,Under,22.5,2.0,SOLID,0.245,,model
2026-06-17T20:30:55+00:00,2026-06-17,Arike Ogunbowale,pa,Over,17.5,1.909,THIN,0.046,,flip
2026-06-17T20:30:55+00:00,2026-06-17,Jessica Shepard,pts,Over,11.5,1.98,SOLID,0.152,11.5,flip
2026-06-17T20:30:55+00:00,2026-06-17,Azzi Fudd,pts,Over,12.5,1.9,THIN,0.022,12.5,flip
2026-06-17T20:30:55+00:00,2026-06-17,Dearica Hamby,pra,Under,25.5,1.8,STRONG,0.41,,model
2026-06-17T20:30:55+00:00,2026-06-17,Kayla McBride,pts,Under,14.5,1.85,STRONG,0.392,14.5,newunder
2026-06-17T20:30:55+00:00,2026-06-17,Courtney Williams,pts,Under,16.5,1.83,SOLID,0.072,15.5,newunder
2026-06-17T20:30:55+00:00,2026-06-17,Kahleah Copper,pra,Over,23.5,1.87,SOLID,0.089,,hotover
2026-06-17T20:30:55+00:00,2026-06-17,Sarah Ashlee Barker,pts,Under,10.5,1.83,STRONG,0.392,,newunder
2026-06-17T20:30:55+00:00,2026-06-17,Natisha Hiedeman,pr,Over,15.5,1.833,STRONG,0.403,,overshoot
2026-06-17T20:30:55+00:00,2026-06-17,Michaela Onyenwere,pts,Over,10.5,2.0,STRONG,0.519,,overshoot
2026-06-17T22:14:55+00:00,2026-06-17,Kamilla Cardoso,pra,Under,22.5,2.0,SOLID,0.245,,model
2026-06-17T22:14:55+00:00,2026-06-17,Arike Ogunbowale,pa,Over,17.5,1.909,THIN,0.046,,flip
2026-06-17T22:14:55+00:00,2026-06-17,Jessica Shepard,pts,Over,11.5,1.98,SOLID,0.152,11.5,flip
2026-06-17T22:14:55+00:00,2026-06-17,Azzi Fudd,pts,Over,12.5,1.9,THIN,0.022,12.5,flip
2026-06-17T22:14:55+00:00,2026-06-17,Dearica Hamby,pra,Under,24.5,2.0,STRONG,0.509,,model
2026-06-17T22:14:55+00:00,2026-06-17,Kayla McBride,pts,Under,14.5,1.85,STRONG,0.392,14.5,newunder
2026-06-17T22:14:55+00:00,2026-06-17,Courtney Williams,pts,Under,16.5,1.83,SOLID,0.072,15.5,newunder
2026-06-17T22:14:55+00:00,2026-06-17,Kahleah Copper,pra,Over,23.5,1.87,SOLID,0.089,,hotover
2026-06-17T22:14:55+00:00,2026-06-17,Sarah Ashlee Barker,pts,Under,10.5,1.83,STRONG,0.392,,newunder
2026-06-17T22:14:55+00:00,2026-06-17,Natisha Hiedeman,pr,Over,15.5,1.833,STRONG,0.403,,overshoot
2026-06-17T22:14:55+00:00,2026-06-17,Michaela Onyenwere,pts,Over,10.5,2.0,STRONG,0.519,,overshoot
2026-06-17T22:56:40+00:00,2026-06-17,Kamilla Cardoso,pra,Under,22.5,1.91,SOLID,0.189,,model
2026-06-17T22:56:40+00:00,2026-06-17,Arike Ogunbowale,pa,Over,17.5,1.909,THIN,0.046,,flip
2026-06-17T22:56:40+00:00,2026-06-17,Jessica Shepard,pts,Over,11.5,1.98,SOLID,0.152,11.5,flip
2026-06-17T22:56:40+00:00,2026-06-17,Azzi Fudd,pts,Over,12.5,1.9,THIN,0.022,12.5,flip
2026-06-17T22:56:40+00:00,2026-06-17,Dearica Hamby,pra,Under,25.5,1.8,STRONG,0.41,,model
2026-06-17T22:56:40+00:00,2026-06-17,Kayla McBride,pts,Under,14.5,1.85,STRONG,0.392,14.5,newunder
2026-06-17T22:56:40+00:00,2026-06-17,Courtney Williams,pts,Under,16.5,1.83,SOLID,0.072,15.5,newunder
2026-06-17T22:56:40+00:00,2026-06-17,Kahleah Copper,pra,Over,23.5,1.87,SOLID,0.089,,hotover
2026-06-17T22:56:40+00:00,2026-06-17,Sarah Ashlee Barker,pts,Under,10.5,1.83,STRONG,0.392,,newunder
2026-06-17T22:56:40+00:00,2026-06-17,Natisha Hiedeman,pr,Over,15.5,1.833,STRONG,0.403,,overshoot
2026-06-18T05:01:52+00:00,2026-06-17,Rhyne Howard,pts,Under,18.5,1.88,THIN,0.013,,newunder
2026-06-18T05:02:47+00:00,2026-06-17,Rhyne Howard,pts,Under,18.5,1.88,THIN,0.013,,newunder
2026-06-18T22:25:46+00:00,2026-06-18,Laura Juskaite,pra,Over,13.5,1.75,CASC,0.0,,cascade
2026-06-18T22:25:46+00:00,2026-06-18,Isabelle Harrison,pra,Over,19.5,1.75,CASC,0.0,,cascade
2026-06-18T23:05:04+00:00,2026-06-18,Caitlin Clark,pts,Under,19.5,1.85,THIN,0.045,19.5,newunder
2026-06-18T23:05:04+00:00,2026-06-18,Laura Juskaite,pra,Over,13.5,1.75,CASC,0.0,,cascade
2026-06-18T23:05:04+00:00,2026-06-18,Isabelle Harrison,pra,Over,19.5,1.75,CASC,0.0,,cascade
2026-06-19T00:15:01+00:00,2026-06-18,Brittney Griner,pts,Under,11.5,1.83,THIN,0.037,,newunder
2026-06-19T00:15:01+00:00,2026-06-18,Marina Mabrey,pts,Under,19.5,2.0,STRONG,0.335,,starout
2026-06-19T00:15:01+00:00,2026-06-18,Breanna Stewart,pts,Under,19.5,1.73,STRONG,0.157,,newunder
2026-06-19T00:15:01+00:00,2026-06-18,Jonquel Jones,pts,Over,13.5,2.0,SOLID,0.223,,flip
2026-06-19T00:15:01+00:00,2026-06-18,Laura Juskaite,pra,Over,13.5,1.75,CASC,0.0,,cascade
2026-06-19T00:15:01+00:00,2026-06-18,Isabelle Harrison,pra,Over,19.5,1.75,CASC,0.0,,cascade
2026-06-19T05:24:13+00:00,2026-06-18,Brittney Griner,pts,Under,11.5,1.83,THIN,0.037,,newunder
2026-06-19T05:24:13+00:00,2026-06-18,Marina Mabrey,pts,Under,20.5,1.83,STRONG,0.308,,starout
2026-06-19T05:24:13+00:00,2026-06-18,Breanna Stewart,pts,Under,19.5,1.79,STRONG,0.197,,newunder
2026-06-19T05:24:13+00:00,2026-06-18,Jonquel Jones,pts,Over,13.5,1.9,SOLID,0.161,,flip
2026-06-19T05:24:13+00:00,2026-06-18,Kayla Thornton,pr,Under,14.5,2.0,SOLID,0.179,,model
2026-06-19T05:24:13+00:00,2026-06-18,Courtney Williams,pr,Under,22.5,1.73,SOLID,0.022,,model
2026-06-19T05:24:13+00:00,2026-06-18,Natasha Howard,pts,Over,14.5,1.69,STRONG,0.293,,flip
2026-06-19T05:24:13+00:00,2026-06-18,Kayla McBride,pts,Under,13.5,1.8,THIN,0.014,,newunder
2026-06-19T05:24:13+00:00,2026-06-18,Gabby Williams,pts,Over,15.5,1.92,SOLID,0.16,,flip
2026-06-19T05:24:13+00:00,2026-06-18,Laura Juskaite,pra,Over,13.5,1.75,CASC,0.0,,cascade
2026-06-19T05:24:13+00:00,2026-06-18,Isabelle Harrison,pra,Over,19.5,1.75,CASC,0.0,,cascade
2026-06-19T05:24:13+00:00,2026-06-18,Michaela Onyenwere,pts,Over,9.5,1.8,STRONG,0.479,,overshoot
2026-06-19T05:24:13+00:00,2026-06-18,Olivia Miles,pra,Over,28.5,1.952,STRONG,0.433,,overshoot
2026-06-19T05:58:23+00:00,2026-06-18,Brittney Griner,pts,Under,11.5,1.83,THIN,0.037,,newunder
2026-06-19T05:58:23+00:00,2026-06-18,Marina Mabrey,pts,Under,20.5,1.83,STRONG,0.308,,starout
2026-06-19T05:58:23+00:00,2026-06-18,Breanna Stewart,pts,Under,19.5,1.79,STRONG,0.197,,newunder
2026-06-19T05:58:23+00:00,2026-06-18,Jonquel Jones,pts,Over,13.5,1.9,SOLID,0.161,,flip
2026-06-19T05:58:23+00:00,2026-06-18,Kayla Thornton,pr,Under,14.5,2.0,SOLID,0.179,,model
2026-06-19T05:58:23+00:00,2026-06-18,Courtney Williams,pr,Under,22.5,1.73,SOLID,0.022,,model
2026-06-19T05:58:23+00:00,2026-06-18,Natasha Howard,pts,Over,14.5,1.69,STRONG,0.293,,flip
2026-06-19T05:58:23+00:00,2026-06-18,Kayla McBride,pts,Under,13.5,1.8,THIN,0.014,,newunder
2026-06-19T05:58:23+00:00,2026-06-18,Gabby Williams,pts,Over,15.5,1.92,SOLID,0.16,,flip
2026-06-19T05:58:23+00:00,2026-06-18,Laura Juskaite,pra,Over,13.5,1.75,CASC,0.0,,cascade
2026-06-19T05:58:23+00:00,2026-06-18,Isabelle Harrison,pra,Over,19.5,1.75,CASC,0.0,,cascade
2026-06-19T05:58:23+00:00,2026-06-18,Michaela Onyenwere,pts,Over,9.5,1.8,STRONG,0.479,,overshoot
2026-06-19T05:58:23+00:00,2026-06-18,Olivia Miles,pra,Over,28.5,1.952,STRONG,0.433,,overshoot
2026-06-19T09:44:40+00:00,2026-06-19,Brittney Griner,pts,Under,11.5,1.88,THIN,0.065,,newunder
2026-06-19T09:44:40+00:00,2026-06-19,Marina Mabrey,pts,Under,20.5,1.86,STRONG,0.33,,starout
2026-06-19T09:44:40+00:00,2026-06-19,Breanna Stewart,pts,Under,18.5,1.91,SOLID,0.177,,newunder
2026-06-19T09:44:40+00:00,2026-06-19,Jonquel Jones,pts,Over,13.5,1.9,SOLID,0.161,,flip_paper
2026-06-19T09:44:40+00:00,2026-06-19,Kayla Thornton,pr,Under,14.5,1.91,SOLID,0.126,,model
2026-06-19T09:44:40+00:00,2026-06-19,Courtney Williams,pr,Under,21.5,2.0,THIN,0.061,,model
2026-06-19T09:44:40+00:00,2026-06-19,Natasha Howard,pts,Over,14.5,1.81,STRONG,0.385,,flip_paper
2026-06-19T09:44:40+00:00,2026-06-19,Kayla McBride,pts,Under,13.5,1.85,THIN,0.042,,newunder
2026-06-19T09:44:40+00:00,2026-06-19,Gabby Williams,pts,Over,15.5,1.92,SOLID,0.16,,flip_paper
2026-06-19T09:44:40+00:00,2026-06-19,Laura Juskaite,pra,Over,13.5,1.75,CASC,0.0,,cascade
2026-06-19T09:44:40+00:00,2026-06-19,Isabelle Harrison,pra,Over,19.5,1.75,CASC,0.0,,cascade
2026-06-19T09:44:40+00:00,2026-06-19,Michaela Onyenwere,pts,Over,9.5,1.8,STRONG,0.479,,overshoot
2026-06-19T09:44:40+00:00,2026-06-19,Olivia Miles,pa,Over,23.5,1.83,STRONG,0.336,,overshoot
2026-06-19T10:57:17+00:00,2026-06-19,Brittney Griner,pts,Under,11.5,1.88,THIN,0.065,,newunder
2026-06-19T10:57:17+00:00,2026-06-19,Marina Mabrey,pts,Under,20.5,1.86,STRONG,0.33,,starout
2026-06-19T10:57:17+00:00,2026-06-19,Breanna Stewart,pts,Under,18.5,1.91,SOLID,0.177,,newunder
2026-06-19T10:57:17+00:00,2026-06-19,Jonquel Jones,pts,Over,13.5,1.9,SOLID,0.161,,flip_paper
2026-06-19T10:57:17+00:00,2026-06-19,Kayla Thornton,pr,Under,14.5,1.91,SOLID,0.126,,model
2026-06-19T10:57:17+00:00,2026-06-19,Courtney Williams,pr,Under,21.5,2.0,THIN,0.061,,model
2026-06-19T10:57:17+00:00,2026-06-19,Natasha Howard,pts,Over,14.5,1.81,STRONG,0.385,,flip_paper
2026-06-19T10:57:17+00:00,2026-06-19,Kayla McBride,pts,Under,13.5,1.85,THIN,0.042,,newunder
2026-06-19T10:57:17+00:00,2026-06-19,Gabby Williams,pts,Over,15.5,1.92,SOLID,0.16,,flip_paper
2026-06-19T10:57:17+00:00,2026-06-19,Allisha Gray,pts,Under,18.5,1.93,SOLID,0.244,,newunder
2026-06-19T10:57:17+00:00,2026-06-19,Rhyne Howard,pra,Over,25.5,2.0,SOLID,0.243,,hotover
2026-06-19T10:57:17+00:00,2026-06-19,Kelsey Mitchell,pts,Under,19.5,1.92,SOLID,0.241,,newunder
2026-06-19T10:57:17+00:00,2026-06-19,Jordin Canada,pts,Under,12.5,1.77,STRONG,0.298,,newunder
2026-06-19T10:57:17+00:00,2026-06-19,Aliyah Boston,pts,Under,17.5,1.82,THIN,0.022,,newunder
2026-06-19T10:57:17+00:00,2026-06-19,Angel Reese,pts,Over,14.5,1.76,SOLID,0.075,,flip_paper
2026-06-19T10:57:17+00:00,2026-06-19,Caitlin Clark,pts,Under,20.5,1.8,SOLID,0.103,,newunder
2026-06-19T10:57:17+00:00,2026-06-19,Gabriela Jaquez,pts,Under,9.5,2.0,THIN,0.157,,model
2026-06-19T10:57:17+00:00,2026-06-19,Arike Ogunbowale,pra,Over,20.5,1.73,STRONG,0.277,,hotover
2026-06-19T10:57:17+00:00,2026-06-19,Paige Bueckers,pts,Under,17.5,2.0,THIN,0.021,,newunder
2026-06-19T10:57:17+00:00,2026-06-19,Laura Juskaite,pra,Over,13.5,1.75,CASC,0.0,,cascade
2026-06-19T10:57:17+00:00,2026-06-19,Isabelle Harrison,pra,Over,19.5,1.75,CASC,0.0,,cascade
2026-06-19T10:57:17+00:00,2026-06-19,Michaela Onyenwere,pts,Over,9.5,1.8,STRONG,0.479,,overshoot
2026-06-19T10:57:17+00:00,2026-06-19,Olivia Miles,pa,Over,23.5,1.83,STRONG,0.336,,overshoot
2026-06-19T15:43:05+00:00,2026-06-19,Brittney Griner,pts,Under,11.5,1.87,THIN,0.06,11.5,newunder
2026-06-19T15:43:05+00:00,2026-06-19,Marina Mabrey,pts,Under,20.5,1.85,STRONG,0.322,20.5,starout
2026-06-19T15:43:05+00:00,2026-06-19,Breanna Stewart,pts,Under,18.5,1.91,SOLID,0.177,19.5,newunder
2026-06-19T15:43:05+00:00,2026-06-19,Jonquel Jones,pts,Over,13.5,1.9,SOLID,0.161,13.5,flip_paper
2026-06-19T15:43:05+00:00,2026-06-19,Kayla Thornton,pr,Under,14.5,2.0,SOLID,0.179,15.0,model
2026-06-19T15:43:05+00:00,2026-06-19,Courtney Williams,pr,Under,21.5,2.0,THIN,0.061,22.0,model
2026-06-19T15:43:05+00:00,2026-06-19,Natasha Howard,pts,Over,15.5,2.01,STRONG,0.423,15.5,flip_paper
2026-06-19T15:43:05+00:00,2026-06-19,Kayla McBride,pts,Under,13.5,1.87,THIN,0.053,13.5,newunder
2026-06-19T15:43:05+00:00,2026-06-19,Gabby Williams,pts,Over,15.5,1.87,SOLID,0.13,15.5,flip_paper
2026-06-19T15:43:05+00:00,2026-06-19,Allisha Gray,pts,Under,18.5,1.93,SOLID,0.244,,newunder
2026-06-19T15:43:05+00:00,2026-06-19,Rhyne Howard,pra,Over,24.5,1.73,STRONG,0.153,,hotover
2026-06-19T15:43:05+00:00,2026-06-19,Kelsey Mitchell,pts,Under,19.5,1.92,SOLID,0.241,,newunder
2026-06-19T15:43:05+00:00,2026-06-19,Jordin Canada,pts,Under,12.5,1.77,STRONG,0.298,,newunder
2026-06-19T15:43:05+00:00,2026-06-19,Aliyah Boston,pts,Under,17.5,1.82,THIN,0.022,,newunder
2026-06-19T15:43:05+00:00,2026-06-19,Angel Reese,pts,Over,14.5,1.76,SOLID,0.075,,flip_paper
2026-06-19T15:43:05+00:00,2026-06-19,Caitlin Clark,pts,Under,20.5,1.8,SOLID,0.103,,newunder
2026-06-19T15:43:05+00:00,2026-06-19,Gabriela Jaquez,pts,Under,9.5,1.99,THIN,0.151,,model
2026-06-19T15:43:05+00:00,2026-06-19,Arike Ogunbowale,pra,Over,20.5,1.73,STRONG,0.277,,hotover
2026-06-19T15:43:05+00:00,2026-06-19,Skylar Diggins,pts,Under,15.5,1.82,THIN,0.018,,newunder
2026-06-19T15:43:05+00:00,2026-06-19,Laura Juskaite,pra,Over,13.5,1.75,CASC,0.0,,cascade
2026-06-19T15:43:05+00:00,2026-06-19,Isabelle Harrison,pra,Over,19.5,1.75,CASC,0.0,,cascade
2026-06-19T15:43:05+00:00,2026-06-19,Michaela Onyenwere,pts,Over,9.5,1.79,STRONG,0.471,,overshoot
2026-06-19T15:43:05+00:00,2026-06-19,Olivia Miles,pa,Over,23.5,2.0,STRONG,0.46,,overshoot
2026-06-19T16:41:25+00:00,2026-06-19,Brittney Griner,pts,Under,11.5,1.87,THIN,0.06,11.5,newunder
2026-06-19T16:41:25+00:00,2026-06-19,Marina Mabrey,pts,Under,20.5,1.85,STRONG,0.322,20.5,starout
2026-06-19T16:41:25+00:00,2026-06-19,Breanna Stewart,pts,Under,18.5,1.91,SOLID,0.177,19.5,newunder
2026-06-19T16:41:25+00:00,2026-06-19,Jonquel Jones,pts,Over,13.5,1.9,SOLID,0.161,13.5,flip_paper
2026-06-19T16:41:25+00:00,2026-06-19,Kayla Thornton,pr,Under,14.5,2.0,SOLID,0.179,15.0,model
2026-06-19T16:41:25+00:00,2026-06-19,Courtney Williams,pr,Under,21.5,1.91,THIN,0.013,22.0,model
2026-06-19T16:41:25+00:00,2026-06-19,Natasha Howard,pts,Over,15.5,2.01,STRONG,0.423,15.5,flip_paper
2026-06-19T16:41:25+00:00,2026-06-19,Kayla McBride,pts,Under,13.5,1.87,THIN,0.053,13.5,newunder
2026-06-19T16:41:25+00:00,2026-06-19,Gabby Williams,pts,Over,15.5,1.87,SOLID,0.13,15.5,flip_paper
2026-06-19T16:41:25+00:00,2026-06-19,Allisha Gray,pts,Under,18.5,1.93,SOLID,0.244,,newunder
2026-06-19T16:41:25+00:00,2026-06-19,Rhyne Howard,pra,Over,25.5,2.0,SOLID,0.243,,hotover
2026-06-19T16:41:25+00:00,2026-06-19,Kelsey Mitchell,pts,Under,19.5,1.92,SOLID,0.241,,newunder
2026-06-19T16:41:25+00:00,2026-06-19,Jordin Canada,pts,Under,12.5,1.77,STRONG,0.298,,newunder
2026-06-19T16:41:25+00:00,2026-06-19,Aliyah Boston,pts,Under,17.5,1.82,THIN,0.022,,newunder
2026-06-19T16:41:25+00:00,2026-06-19,Angel Reese,pts,Over,14.5,1.76,SOLID,0.075,,flip_paper
2026-06-19T16:41:25+00:00,2026-06-19,Caitlin Clark,pts,Under,20.5,1.8,SOLID,0.103,,newunder
2026-06-19T16:41:25+00:00,2026-06-19,Kahleah Copper,pts,Under,19.5,1.79,SOLID,0.089,,newunder
2026-06-19T16:41:25+00:00,2026-06-19,Natisha Hiedeman,pts,Over,14.5,1.93,SOLID,0.12,,flip_paper
2026-06-19T16:41:25+00:00,2026-06-19,Flau'jae Johnson,pts,Under,10.5,1.93,STRONG,0.29,,newunder
2026-06-19T16:41:25+00:00,2026-06-19,Gabriela Jaquez,pts,Under,9.5,1.99,THIN,0.151,,model
2026-06-19T16:41:25+00:00,2026-06-19,Arike Ogunbowale,pra,Over,20.5,1.73,STRONG,0.277,,hotover
2026-06-19T16:41:25+00:00,2026-06-19,Skylar Diggins,pts,Under,15.5,1.82,THIN,0.018,,newunder
2026-06-19T16:41:25+00:00,2026-06-19,Laura Juskaite,pra,Over,13.5,1.75,CASC,0.0,,cascade
2026-06-19T16:41:25+00:00,2026-06-19,Isabelle Harrison,pra,Over,19.5,1.75,CASC,0.0,,cascade
2026-06-19T16:41:25+00:00,2026-06-19,Michaela Onyenwere,pts,Over,9.5,1.75,STRONG,0.438,,overshoot
2026-06-19T16:41:25+00:00,2026-06-19,Olivia Miles,pa,Over,23.5,2.0,STRONG,0.46,,overshoot
2026-06-19T18:25:40+00:00,2026-06-19,Brittney Griner,pts,Under,11.5,1.87,THIN,0.06,11.5,newunder
2026-06-19T18:25:40+00:00,2026-06-19,Marina Mabrey,pts,Under,20.5,1.85,STRONG,0.322,20.5,starout
2026-06-19T18:25:40+00:00,2026-06-19,Breanna Stewart,pts,Under,18.5,1.91,SOLID,0.177,19.5,newunder
2026-06-19T18:25:40+00:00,2026-06-19,Jonquel Jones,pts,Over,13.5,1.87,SOLID,0.143,13.5,flip_paper
2026-06-19T18:25:40+00:00,2026-06-19,Kayla Thornton,pr,Under,14.5,1.91,SOLID,0.126,15.0,model
2026-06-19T18:25:40+00:00,2026-06-19,Courtney Williams,pr,Under,21.5,1.91,THIN,0.013,22.0,model
2026-06-19T18:25:40+00:00,2026-06-19,Natasha Howard,pts,Over,15.5,2.01,STRONG,0.423,15.5,flip_paper
2026-06-19T18:25:40+00:00,2026-06-19,Kayla McBride,pts,Under,13.5,1.87,THIN,0.053,13.5,newunder
2026-06-19T18:25:40+00:00,2026-06-19,Gabby Williams,pts,Over,15.5,1.87,SOLID,0.13,15.5,flip_paper
2026-06-19T18:25:40+00:00,2026-06-19,Allisha Gray,pts,Under,18.5,1.93,SOLID,0.244,,newunder
2026-06-19T18:25:40+00:00,2026-06-19,Rhyne Howard,pra,Over,24.5,1.73,STRONG,0.153,,hotover
2026-06-19T18:25:40+00:00,2026-06-19,Kelsey Mitchell,pts,Under,19.5,1.92,SOLID,0.241,,newunder
2026-06-19T18:25:40+00:00,2026-06-19,Jordin Canada,pts,Under,12.5,1.82,STRONG,0.335,,newunder
2026-06-19T18:25:40+00:00,2026-06-19,Sophie Cunningham,pts,Over,8.5,1.86,THIN,0.0,,flip_paper
2026-06-19T18:25:40+00:00,2026-06-19,Aliyah Boston,pts,Under,17.5,1.8,THIN,0.011,,newunder
2026-06-19T18:25:40+00:00,2026-06-19,Caitlin Clark,pts,Under,20.5,1.77,SOLID,0.085,,newunder
2026-06-19T18:25:40+00:00,2026-06-19,Kahleah Copper,pts,Under,19.5,1.76,SOLID,0.07,,newunder
2026-06-19T18:25:40+00:00,2026-06-19,Natisha Hiedeman,pts,Over,13.5,1.77,SOLID,0.151,,flip_paper
2026-06-19T18:25:40+00:00,2026-06-19,Flau'jae Johnson,pts,Under,10.5,1.88,STRONG,0.256,,newunder
2026-06-19T18:25:40+00:00,2026-06-19,Gabriela Jaquez,pts,Under,9.5,1.99,THIN,0.151,,model
2026-06-19T18:25:40+00:00,2026-06-19,Arike Ogunbowale,pra,Over,20.5,1.73,STRONG,0.277,,hotover
2026-06-19T18:25:40+00:00,2026-06-19,Skylar Diggins,pts,Under,15.5,1.79,THIN,0.002,,newunder
2026-06-19T18:25:40+00:00,2026-06-19,Laura Juskaite,pra,Over,13.5,1.75,CASC,0.0,,cascade
2026-06-19T18:25:40+00:00,2026-06-19,Isabelle Harrison,pra,Over,19.5,1.75,CASC,0.0,,cascade
2026-06-19T18:25:40+00:00,2026-06-19,Angel Reese,pr,Over,26.5,1.83,STRONG,0.485,,overshoot
2026-06-19T18:25:40+00:00,2026-06-19,Michaela Onyenwere,pts,Over,10.5,1.95,STRONG,0.513,,overshoot
2026-06-19T18:25:40+00:00,2026-06-19,Olivia Miles,pa,Over,23.5,2.0,STRONG,0.46,,overshoot
2026-06-19T20:03:22+00:00,2026-06-19,Brittney Griner,pts,Under,11.5,1.87,THIN,0.06,11.5,newunder
2026-06-19T20:03:22+00:00,2026-06-19,Marina Mabrey,pts,Under,20.5,1.85,STRONG,0.322,20.5,starout
2026-06-19T20:03:22+00:00,2026-06-19,Breanna Stewart,pts,Under,19.5,1.83,STRONG,0.224,19.5,newunder
2026-06-19T20:03:22+00:00,2026-06-19,Jonquel Jones,pts,Over,13.5,1.92,SOLID,0.174,13.5,flip_paper
2026-06-19T20:03:22+00:00,2026-06-19,Kayla Thornton,pr,Under,14.5,2.0,SOLID,0.179,15.0,model
2026-06-19T20:03:22+00:00,2026-06-19,Courtney Williams,pr,Under,21.5,1.91,THIN,0.013,22.0,model
2026-06-19T20:03:22+00:00,2026-06-19,Natasha Howard,pts,Over,15.5,2.01,STRONG,0.423,15.5,flip_paper
2026-06-19T20:03:22+00:00,2026-06-19,Kayla McBride,pts,Under,13.5,1.87,THIN,0.053,13.5,newunder
2026-06-19T20:03:22+00:00,2026-06-19,Gabby Williams,pts,Over,15.5,1.87,SOLID,0.13,15.5,flip_paper
2026-06-19T20:03:22+00:00,2026-06-19,Allisha Gray,pts,Under,19.5,1.77,STRONG,0.27,,newunder
2026-06-19T20:03:22+00:00,2026-06-19,Rhyne Howard,pra,Over,24.5,1.73,STRONG,0.153,,hotover
2026-06-19T20:03:22+00:00,2026-06-19,Kelsey Mitchell,pts,Under,19.5,1.92,SOLID,0.241,,newunder
2026-06-19T20:03:22+00:00,2026-06-19,Jordin Canada,pts,Under,12.5,1.82,STRONG,0.335,,newunder
2026-06-19T20:03:22+00:00,2026-06-19,Sophie Cunningham,pts,Over,8.5,1.87,THIN,0.005,,flip_paper
2026-06-19T20:03:22+00:00,2026-06-19,Aliyah Boston,pts,Under,17.5,1.8,THIN,0.011,,newunder
2026-06-19T20:03:22+00:00,2026-06-19,Caitlin Clark,pts,Under,20.5,1.77,SOLID,0.085,,newunder
2026-06-19T20:03:22+00:00,2026-06-19,Kahleah Copper,pts,Under,19.5,1.79,SOLID,0.089,,newunder
2026-06-19T20:03:22+00:00,2026-06-19,Natisha Hiedeman,pts,Over,14.5,1.85,SOLID,0.073,,flip_paper
2026-06-19T20:03:22+00:00,2026-06-19,Flau'jae Johnson,pts,Under,10.5,1.89,STRONG,0.263,,newunder
2026-06-19T20:03:22+00:00,2026-06-19,Laura Juskaite,pra,Over,13.5,1.75,CASC,0.0,,cascade
2026-06-19T20:03:22+00:00,2026-06-19,Isabelle Harrison,pra,Over,19.5,1.75,CASC,0.0,,cascade
2026-06-19T20:03:22+00:00,2026-06-19,Angel Reese,pr,Over,26.5,1.83,STRONG,0.485,,overshoot
2026-06-19T20:03:22+00:00,2026-06-19,Michaela Onyenwere,pts,Over,10.5,1.93,STRONG,0.498,,overshoot
2026-06-19T20:03:22+00:00,2026-06-19,Olivia Miles,pa,Over,23.5,1.91,STRONG,0.394,,overshoot
2026-06-19T20:21:39+00:00,2026-06-19,Brittney Griner,pts,Under,11.5,1.88,THIN,0.065,11.5,newunder
2026-06-19T20:21:39+00:00,2026-06-19,Marina Mabrey,pts,Under,20.5,1.93,STRONG,0.38,20.5,starout
2026-06-19T20:21:39+00:00,2026-06-19,Breanna Stewart,pts,Under,18.5,1.91,SOLID,0.177,19.5,newunder
2026-06-19T20:21:39+00:00,2026-06-19,Jonquel Jones,pts,Over,13.5,1.92,SOLID,0.174,13.5,flip_paper
2026-06-19T20:21:39+00:00,2026-06-19,Kayla Thornton,pr,Under,14.5,2.0,SOLID,0.179,15.0,model
2026-06-19T20:21:39+00:00,2026-06-19,Courtney Williams,pr,Under,21.5,1.91,THIN,0.013,22.0,model
2026-06-19T20:21:39+00:00,2026-06-19,Natasha Howard,pts,Over,15.5,2.01,STRONG,0.423,15.5,flip_paper
2026-06-19T20:21:39+00:00,2026-06-19,Kayla McBride,pts,Under,13.5,1.87,THIN,0.053,13.5,newunder
2026-06-19T20:21:39+00:00,2026-06-19,Gabby Williams,pts,Over,15.5,1.87,SOLID,0.13,15.5,flip_paper
2026-06-19T20:21:39+00:00,2026-06-19,Allisha Gray,pts,Under,19.5,1.77,STRONG,0.27,,newunder
2026-06-19T20:21:39+00:00,2026-06-19,Rhyne Howard,pra,Over,24.5,1.73,STRONG,0.153,,hotover
2026-06-19T20:21:39+00:00,2026-06-19,Kelsey Mitchell,pts,Under,19.5,1.92,SOLID,0.241,,newunder
2026-06-19T20:21:39+00:00,2026-06-19,Jordin Canada,pts,Under,12.5,1.82,STRONG,0.335,,newunder
2026-06-19T20:21:39+00:00,2026-06-19,Sophie Cunningham,pts,Over,8.5,1.87,THIN,0.005,,flip_paper
2026-06-19T20:21:39+00:00,2026-06-19,Aliyah Boston,pts,Under,17.5,1.8,THIN,0.011,,newunder
2026-06-19T20:21:39+00:00,2026-06-19,Caitlin Clark,pts,Under,20.5,1.77,SOLID,0.085,,newunder
2026-06-19T20:21:39+00:00,2026-06-19,Kahleah Copper,pts,Under,19.5,1.79,SOLID,0.089,,newunder
2026-06-19T20:21:39+00:00,2026-06-19,Natisha Hiedeman,pts,Over,14.5,1.85,SOLID,0.073,,flip_paper
2026-06-19T20:21:39+00:00,2026-06-19,Flau'jae Johnson,pts,Under,10.5,1.89,STRONG,0.263,,newunder
2026-06-19T20:21:39+00:00,2026-06-19,Gabriela Jaquez,pts,Under,9.5,1.88,THIN,0.088,,model
2026-06-19T20:21:39+00:00,2026-06-19,Arike Ogunbowale,pra,Over,20.5,1.73,STRONG,0.277,,hotover
2026-06-19T20:21:39+00:00,2026-06-19,Paige Bueckers,pts,Under,18.5,1.81,THIN,0.018,,newunder
2026-06-19T20:21:39+00:00,2026-06-19,Laura Juskaite,pra,Over,13.5,1.75,CASC,0.0,,cascade
2026-06-19T20:21:39+00:00,2026-06-19,Isabelle Harrison,pra,Over,19.5,1.75,CASC,0.0,,cascade
2026-06-19T20:21:39+00:00,2026-06-19,Angel Reese,pr,Over,26.5,1.83,STRONG,0.485,,overshoot
2026-06-19T20:21:39+00:00,2026-06-19,Michaela Onyenwere,pts,Over,10.5,1.93,STRONG,0.498,,overshoot
2026-06-19T20:21:39+00:00,2026-06-19,Olivia Miles,pa,Over,23.5,1.91,STRONG,0.394,,overshoot
2026-06-19T21:50:08+00:00,2026-06-19,Brittney Griner,pts,Under,11.5,1.88,THIN,0.065,11.5,newunder
2026-06-19T21:50:08+00:00,2026-06-19,Marina Mabrey,pts,Under,20.5,1.9,STRONG,0.358,20.5,starout
2026-06-19T21:50:08+00:00,2026-06-19,Breanna Stewart,pts,Under,18.5,1.91,SOLID,0.177,19.5,newunder
2026-06-19T21:50:08+00:00,2026-06-19,Jonquel Jones,pts,Over,13.5,1.94,SOLID,0.186,13.5,flip_paper
2026-06-19T21:50:08+00:00,2026-06-19,Kayla Thornton,pr,Under,14.5,1.91,SOLID,0.126,15.0,model
2026-06-19T21:50:08+00:00,2026-06-19,Natasha Howard,pts,Over,15.5,2.01,STRONG,0.423,15.5,flip_paper
2026-06-19T21:50:08+00:00,2026-06-19,Kayla McBride,pts,Under,13.5,1.87,THIN,0.053,13.5,newunder
2026-06-19T21:50:08+00:00,2026-06-19,Gabby Williams,pts,Over,15.5,1.87,SOLID,0.13,15.5,flip_paper
2026-06-19T21:50:08+00:00,2026-06-19,Allisha Gray,pts,Under,18.5,1.94,SOLID,0.25,,newunder
2026-06-19T21:50:08+00:00,2026-06-19,Rhyne Howard,pra,Over,24.5,1.73,STRONG,0.153,,hotover
2026-06-19T21:50:08+00:00,2026-06-19,Kelsey Mitchell,pts,Under,19.5,1.92,SOLID,0.241,,newunder
2026-06-19T21:50:08+00:00,2026-06-19,Jordin Canada,pts,Under,12.5,1.87,STRONG,0.372,,newunder
2026-06-19T21:50:08+00:00,2026-06-19,Sophie Cunningham,pts,Over,8.5,1.87,THIN,0.005,,flip_paper
2026-06-19T21:50:08+00:00,2026-06-19,Aliyah Boston,pts,Under,17.5,1.8,THIN,0.011,,newunder
2026-06-19T21:50:08+00:00,2026-06-19,Kahleah Copper,pts,Under,19.5,1.79,SOLID,0.089,,newunder
2026-06-19T21:50:08+00:00,2026-06-19,Natisha Hiedeman,pts,Over,14.5,1.85,SOLID,0.073,,flip_paper
2026-06-19T21:50:08+00:00,2026-06-19,Flau'jae Johnson,pts,Under,10.5,1.89,STRONG,0.263,,newunder
2026-06-19T21:50:08+00:00,2026-06-19,Gabriela Jaquez,pts,Under,9.5,1.9,THIN,0.099,,model
2026-06-19T21:50:08+00:00,2026-06-19,Arike Ogunbowale,pra,Over,20.5,1.73,STRONG,0.277,,hotover
2026-06-19T21:50:08+00:00,2026-06-19,Skylar Diggins,pts,Under,15.5,1.79,THIN,0.002,,newunder
2026-06-19T21:50:08+00:00,2026-06-19,Paige Bueckers,pts,Under,18.5,1.81,THIN,0.018,,newunder
2026-06-19T21:50:08+00:00,2026-06-19,Laura Juskaite,pra,Over,13.5,1.75,CASC,0.0,,cascade
2026-06-19T21:50:08+00:00,2026-06-19,Isabelle Harrison,pra,Over,19.5,1.75,CASC,0.0,,cascade
2026-06-19T21:50:08+00:00,2026-06-19,Angel Reese,pr,Over,26.5,1.83,STRONG,0.485,,overshoot
2026-06-19T21:50:08+00:00,2026-06-19,Michaela Onyenwere,pts,Over,10.5,1.9,STRONG,0.475,,overshoot
2026-06-19T21:50:08+00:00,2026-06-19,Olivia Miles,pa,Over,23.5,1.91,STRONG,0.394,,overshoot
2026-06-19T22:13:51+00:00,2026-06-19,Brittney Griner,pts,Under,11.5,1.88,THIN,0.065,11.5,newunder
2026-06-19T22:13:51+00:00,2026-06-19,Marina Mabrey,pts,Under,20.5,1.9,STRONG,0.358,20.5,starout
2026-06-19T22:13:51+00:00,2026-06-19,Breanna Stewart,pts,Under,18.5,1.91,SOLID,0.177,19.5,newunder
2026-06-19T22:13:51+00:00,2026-06-19,Jonquel Jones,pts,Over,13.5,1.94,SOLID,0.186,13.5,flip_paper
2026-06-19T22:13:51+00:00,2026-06-19,Kayla Thornton,pr,Under,14.5,2.0,SOLID,0.179,15.0,model
2026-06-19T22:13:51+00:00,2026-06-19,Natasha Howard,pts,Over,15.5,2.01,STRONG,0.423,15.5,flip_paper
2026-06-19T22:13:51+00:00,2026-06-19,Kayla McBride,pts,Under,13.5,1.87,THIN,0.053,13.5,newunder
2026-06-19T22:13:51+00:00,2026-06-19,Gabby Williams,pts,Over,15.5,1.87,SOLID,0.13,15.5,flip_paper
2026-06-19T22:13:51+00:00,2026-06-19,Allisha Gray,pts,Under,18.5,1.94,SOLID,0.25,,newunder
2026-06-19T22:13:51+00:00,2026-06-19,Rhyne Howard,pra,Over,24.5,1.73,STRONG,0.153,,hotover
2026-06-19T22:13:51+00:00,2026-06-19,Kelsey Mitchell,pts,Under,19.5,1.92,SOLID,0.241,,newunder
2026-06-19T22:13:51+00:00,2026-06-19,Jordin Canada,pts,Under,12.5,1.87,STRONG,0.372,,newunder
2026-06-19T22:13:51+00:00,2026-06-19,Sophie Cunningham,pts,Over,8.5,1.87,THIN,0.005,,flip_paper
2026-06-19T22:13:51+00:00,2026-06-19,Aliyah Boston,pts,Under,17.5,1.8,THIN,0.011,,newunder
2026-06-19T22:13:51+00:00,2026-06-19,Kahleah Copper,pts,Under,19.5,1.79,SOLID,0.089,,newunder
2026-06-19T22:13:51+00:00,2026-06-19,Natisha Hiedeman,pts,Over,14.5,1.85,SOLID,0.073,,flip_paper
2026-06-19T22:13:51+00:00,2026-06-19,Flau'jae Johnson,pts,Under,10.5,1.89,STRONG,0.263,,newunder
2026-06-19T22:13:51+00:00,2026-06-19,Gabriela Jaquez,pts,Under,9.5,1.9,THIN,0.099,,model
2026-06-19T22:13:51+00:00,2026-06-19,Arike Ogunbowale,pra,Over,20.5,1.8,STRONG,0.328,,hotover
2026-06-19T22:13:51+00:00,2026-06-19,Skylar Diggins,pts,Under,15.5,1.79,THIN,0.002,,newunder
2026-06-19T22:13:51+00:00,2026-06-19,Paige Bueckers,pts,Under,18.5,1.82,THIN,0.023,,newunder
2026-06-19T22:13:51+00:00,2026-06-19,Laura Juskaite,pra,Over,13.5,1.75,CASC,0.0,,cascade
2026-06-19T22:13:51+00:00,2026-06-19,Isabelle Harrison,pra,Over,19.5,1.75,CASC,0.0,,cascade
2026-06-19T22:13:51+00:00,2026-06-19,Angel Reese,pr,Over,26.5,1.83,STRONG,0.485,,overshoot
2026-06-19T22:13:51+00:00,2026-06-19,Michaela Onyenwere,pts,Over,10.5,1.9,STRONG,0.475,,overshoot
2026-06-19T22:13:51+00:00,2026-06-19,Olivia Miles,pa,Over,23.5,1.91,STRONG,0.394,,overshoot
2026-06-19T23:15:44+00:00,2026-06-19,Breanna Stewart,pts,Under,18.5,1.91,SOLID,0.177,19.5,newunder
2026-06-19T23:15:44+00:00,2026-06-19,Jonquel Jones,pts,Over,13.5,1.8,SOLID,0.1,13.5,flip_paper
2026-06-19T23:15:44+00:00,2026-06-19,Kayla Thornton,pr,Under,14.5,2.0,SOLID,0.179,15.0,model
2026-06-19T23:15:44+00:00,2026-06-19,Natasha Howard,pts,Over,15.5,2.01,STRONG,0.423,15.5,flip_paper
2026-06-19T23:15:44+00:00,2026-06-19,Kayla McBride,pts,Under,13.5,1.87,THIN,0.053,13.5,newunder
2026-06-19T23:15:44+00:00,2026-06-19,Gabby Williams,pts,Over,15.5,1.87,SOLID,0.13,15.5,flip_paper
2026-06-19T23:15:44+00:00,2026-06-19,Allisha Gray,pts,Under,18.5,1.94,SOLID,0.25,,newunder
2026-06-19T23:15:44+00:00,2026-06-19,Rhyne Howard,pra,Over,24.5,1.73,STRONG,0.153,,hotover
2026-06-19T23:15:44+00:00,2026-06-19,Kelsey Mitchell,pts,Under,19.5,1.92,SOLID,0.241,,newunder
2026-06-19T23:15:44+00:00,2026-06-19,Jordin Canada,pts,Under,12.5,1.87,STRONG,0.372,,newunder
2026-06-19T23:15:44+00:00,2026-06-19,Sophie Cunningham,pts,Over,8.5,1.87,THIN,0.005,,flip_paper
2026-06-19T23:15:44+00:00,2026-06-19,Aliyah Boston,pts,Under,17.5,1.8,THIN,0.011,,newunder
2026-06-19T23:15:44+00:00,2026-06-19,Kahleah Copper,pts,Under,19.5,1.79,SOLID,0.089,,newunder
2026-06-19T23:15:44+00:00,2026-06-19,Natisha Hiedeman,pts,Over,14.5,1.85,SOLID,0.073,,flip_paper
2026-06-19T23:15:44+00:00,2026-06-19,Flau'jae Johnson,pts,Under,10.5,1.89,STRONG,0.263,,newunder
2026-06-19T23:15:44+00:00,2026-06-19,Gabriela Jaquez,pts,Under,9.5,1.88,THIN,0.088,,model
2026-06-19T23:15:44+00:00,2026-06-19,Arike Ogunbowale,pra,Over,20.5,1.73,STRONG,0.277,,hotover
2026-06-19T23:15:44+00:00,2026-06-19,Skylar Diggins,pts,Under,15.5,1.79,THIN,0.002,,newunder
2026-06-19T23:15:44+00:00,2026-06-19,Paige Bueckers,pts,Under,18.5,1.81,THIN,0.018,,newunder
2026-06-19T23:15:44+00:00,2026-06-19,Laura Juskaite,pra,Over,13.5,1.75,CASC,0.0,,cascade
2026-06-19T23:15:44+00:00,2026-06-19,Isabelle Harrison,pra,Over,19.5,1.75,CASC,0.0,,cascade
2026-06-19T23:15:44+00:00,2026-06-19,Angel Reese,pr,Over,26.5,1.83,STRONG,0.485,,overshoot
2026-06-19T23:15:44+00:00,2026-06-19,Olivia Miles,pa,Over,23.5,2.0,STRONG,0.46,,overshoot
2026-06-20T01:52:20+00:00,2026-06-19,Breanna Stewart,pts,Under,18.5,1.91,SOLID,0.177,,newunder
2026-06-20T01:52:20+00:00,2026-06-19,Jonquel Jones,pts,Over,13.5,1.8,SOLID,0.1,,flip_paper
2026-06-20T01:52:20+00:00,2026-06-19,Kayla Thornton,pr,Under,15.5,1.83,SOLID,0.178,15.0,model
2026-06-20T01:52:20+00:00,2026-06-19,Natasha Howard,pts,Over,15.5,2.01,STRONG,0.423,15.5,flip_paper
2026-06-20T01:52:20+00:00,2026-06-19,Kayla McBride,pts,Under,13.5,1.87,THIN,0.053,13.5,newunder
2026-06-20T01:52:20+00:00,2026-06-19,Gabby Williams,pts,Over,15.5,1.87,SOLID,0.13,15.5,flip_paper
2026-06-20T01:52:20+00:00,2026-06-19,Allisha Gray,pts,Under,18.5,1.94,SOLID,0.25,,newunder
2026-06-20T01:52:20+00:00,2026-06-19,Rhyne Howard,pra,Over,24.5,1.73,STRONG,0.153,,hotover
2026-06-20T01:52:20+00:00,2026-06-19,Kelsey Mitchell,pts,Under,19.5,1.92,SOLID,0.241,,newunder
2026-06-20T01:52:20+00:00,2026-06-19,Jordin Canada,pts,Under,12.5,1.87,STRONG,0.372,,newunder
2026-06-20T01:52:20+00:00,2026-06-19,Sophie Cunningham,pts,Over,8.5,1.87,THIN,0.005,,flip_paper
2026-06-20T01:52:20+00:00,2026-06-19,Kahleah Copper,pts,Under,19.5,1.8,SOLID,0.095,,newunder
2026-06-20T01:52:20+00:00,2026-06-19,Natisha Hiedeman,pts,Over,14.5,1.89,SOLID,0.097,,flip_paper
2026-06-20T01:52:20+00:00,2026-06-19,Flau'jae Johnson,pts,Under,10.5,1.9,STRONG,0.269,,newunder
2026-06-20T01:52:20+00:00,2026-06-19,Gabriela Jaquez,pts,Under,9.5,1.85,THIN,0.07,,model
2026-06-20T01:52:20+00:00,2026-06-19,Arike Ogunbowale,pra,Over,20.5,1.73,STRONG,0.277,,hotover
2026-06-20T01:52:20+00:00,2026-06-19,Paige Bueckers,pts,Under,18.5,1.92,THIN,0.08,,newunder
2026-06-20T01:52:20+00:00,2026-06-19,Angel Reese,pr,Over,26.5,1.83,STRONG,0.485,,overshoot
2026-06-20T01:52:20+00:00,2026-06-19,Olivia Miles,pa,Over,22.5,1.91,STRONG,0.496,,overshoot
2026-06-20T04:40:49+00:00,2026-06-19,Breanna Stewart,pts,Under,18.5,1.91,SOLID,0.177,,newunder
2026-06-20T04:40:49+00:00,2026-06-19,Jonquel Jones,pts,Over,13.5,1.91,SOLID,0.168,,flip_paper
2026-06-20T04:40:49+00:00,2026-06-19,Allisha Gray,pts,Under,19.5,1.76,STRONG,0.263,,newunder
2026-06-20T04:40:49+00:00,2026-06-19,Rhyne Howard,pra,Over,24.5,1.73,STRONG,0.153,,hotover
2026-06-20T04:40:49+00:00,2026-06-19,Kelsey Mitchell,pts,Under,19.5,1.92,SOLID,0.241,,newunder
2026-06-20T04:40:49+00:00,2026-06-19,Jordin Canada,pts,Under,12.5,1.78,STRONG,0.306,,newunder
2026-06-20T04:40:49+00:00,2026-06-19,Sophie Cunningham,pts,Over,8.5,1.89,THIN,0.016,,flip_paper
2026-06-20T04:40:49+00:00,2026-06-19,Kahleah Copper,pts,Under,19.5,1.86,SOLID,0.131,,newunder
2026-06-20T04:40:49+00:00,2026-06-19,Natisha Hiedeman,pts,Over,14.5,1.83,SOLID,0.062,,flip_paper
2026-06-20T04:40:49+00:00,2026-06-19,Flau'jae Johnson,pts,Under,10.5,1.77,STRONG,0.183,,newunder
2026-06-20T04:40:49+00:00,2026-06-19,Gabriela Jaquez,pts,Under,9.5,1.85,THIN,0.07,,model
2026-06-20T04:40:49+00:00,2026-06-19,Arike Ogunbowale,pra,Over,20.5,1.73,STRONG,0.277,,hotover
2026-06-20T04:40:49+00:00,2026-06-19,Paige Bueckers,pts,Under,18.5,1.92,THIN,0.08,,newunder
2026-06-20T04:40:49+00:00,2026-06-19,Angel Reese,pr,Over,26.5,1.8,STRONG,0.461,,overshoot
2026-06-20T04:40:49+00:00,2026-06-19,Olivia Miles,pa,Over,23.5,1.73,STRONG,0.263,,overshoot
2026-06-20T06:41:50+00:00,2026-06-19,Breanna Stewart,pts,Under,18.5,1.91,SOLID,0.177,,newunder
2026-06-20T06:41:50+00:00,2026-06-19,Jonquel Jones,pts,Over,13.5,1.91,SOLID,0.168,,flip_paper
2026-06-20T06:41:50+00:00,2026-06-19,Shakira Austin,pts,Under,13.5,1.73,STRONG,0.206,,newunder
2026-06-20T06:41:50+00:00,2026-06-19,Courtney Williams,pr,Under,22.5,1.73,SOLID,0.022,,model
2026-06-20T06:41:50+00:00,2026-06-19,Natasha Howard,pts,Over,15.5,1.91,STRONG,0.352,,flip_paper
2026-06-20T06:41:50+00:00,2026-06-19,Kayla McBride,pts,Under,13.5,2.0,THIN,0.126,,newunder
2026-06-20T06:41:50+00:00,2026-06-19,Gabby Williams,pts,Over,15.5,2.0,SOLID,0.208,,flip_paper
2026-06-20T06:41:50+00:00,2026-06-19,Allisha Gray,pts,Under,18.5,1.93,SOLID,0.244,,newunder
2026-06-20T06:41:50+00:00,2026-06-19,Rhyne Howard,pra,Over,24.5,1.73,STRONG,0.153,,hotover
2026-06-20T06:41:50+00:00,2026-06-19,Kelsey Mitchell,pts,Under,19.5,1.883,SOLID,0.218,,newunder
2026-06-20T06:41:50+00:00,2026-06-19,Jordin Canada,pts,Under,12.5,1.651,STRONG,0.211,,newunder
2026-06-20T06:41:50+00:00,2026-06-19,Angel Reese,pts,Over,14.5,1.67,SOLID,0.02,,flip_paper
2026-06-20T06:41:50+00:00,2026-06-19,Kahleah Copper,pts,Under,19.5,1.79,SOLID,0.089,,newunder
2026-06-20T06:41:50+00:00,2026-06-19,Natisha Hiedeman,pts,Over,14.5,1.79,SOLID,0.039,,flip_paper
2026-06-20T06:41:50+00:00,2026-06-19,Flau'jae Johnson,pts,Under,10.5,1.93,STRONG,0.29,,newunder
2026-06-20T06:41:50+00:00,2026-06-19,Gabriela Jaquez,pts,Under,9.5,1.883,THIN,0.09,,model
2026-06-20T06:41:50+00:00,2026-06-19,Arike Ogunbowale,pra,Over,20.5,1.73,STRONG,0.277,,hotover
2026-06-20T06:41:50+00:00,2026-06-19,Paige Bueckers,pts,Under,19.5,1.67,SOLID,0.024,,newunder
2026-06-20T06:41:50+00:00,2026-06-19,Nalyssa Smith,pts,Over,10.5,1.73,STRONG,0.277,,overshoot
2026-06-20T09:39:59+00:00,2026-06-20,Breanna Stewart,pts,Under,18.5,1.91,SOLID,0.177,,newunder
2026-06-20T09:39:59+00:00,2026-06-20,Jonquel Jones,pts,Over,13.5,1.85,SOLID,0.131,,flip_paper
2026-06-20T09:39:59+00:00,2026-06-20,Shakira Austin,pts,Under,13.5,1.893,STRONG,0.32,,newunder
2026-06-20T09:39:59+00:00,2026-06-20,Courtney Williams,pr,Under,22.5,1.73,SOLID,0.022,,model
2026-06-20T09:39:59+00:00,2026-06-20,Natasha Howard,pts,Over,15.5,1.909,STRONG,0.351,,flip_paper
2026-06-20T09:39:59+00:00,2026-06-20,Kayla McBride,pts,Under,13.5,1.952,THIN,0.099,,newunder
2026-06-20T09:39:59+00:00,2026-06-20,Gabby Williams,pts,Over,15.5,2.0,SOLID,0.208,,flip_paper
2026-06-20T09:39:59+00:00,2026-06-20,Rhyne Howard,pra,Over,25.5,1.893,SOLID,0.176,,hotover
2026-06-20T09:39:59+00:00,2026-06-20,Jordin Canada,pts,Under,12.5,1.75,STRONG,0.284,,newunder
2026-06-20T09:39:59+00:00,2026-06-20,Sophie Cunningham,pts,Over,8.5,1.87,THIN,0.005,,flip_paper
2026-06-20T09:39:59+00:00,2026-06-20,Gabriela Jaquez,pts,Under,9.5,1.85,THIN,0.07,,model
2026-06-20T09:39:59+00:00,2026-06-20,Arike Ogunbowale,pra,Over,20.5,1.73,STRONG,0.277,,hotover
2026-06-20T09:39:59+00:00,2026-06-20,Paige Bueckers,pts,Under,19.5,1.73,SOLID,0.061,,newunder
2026-06-20T09:39:59+00:00,2026-06-20,Angel Reese,pr,Over,26.5,1.73,STRONG,0.404,,overshoot
2026-06-20T09:39:59+00:00,2026-06-20,Natisha Hiedeman,pra,Over,21.5,1.87,STRONG,0.39,,overshoot
2026-06-20T09:39:59+00:00,2026-06-20,Nalyssa Smith,pts,Over,10.5,1.73,STRONG,0.277,,overshoot
2026-06-20T14:29:38+00:00,2026-06-20,Breanna Stewart,pts,Under,18.5,1.91,SOLID,0.177,,newunder
2026-06-20T14:29:38+00:00,2026-06-20,Jonquel Jones,pts,Over,13.5,1.893,SOLID,0.157,,flip_paper
2026-06-20T14:29:38+00:00,2026-06-20,Shakira Austin,pts,Under,13.5,1.893,STRONG,0.32,,newunder
2026-06-20T14:29:38+00:00,2026-06-20,Courtney Williams,pr,Under,22.5,1.73,SOLID,0.022,,model
2026-06-20T14:29:38+00:00,2026-06-20,Natasha Howard,pts,Over,15.5,1.909,STRONG,0.351,,flip_paper
2026-06-20T14:29:38+00:00,2026-06-20,Kayla McBride,pts,Under,13.5,1.952,THIN,0.099,,newunder
2026-06-20T14:29:38+00:00,2026-06-20,Gabby Williams,pts,Over,15.5,1.86,SOLID,0.124,,flip_paper
2026-06-20T14:29:38+00:00,2026-06-20,Rhyne Howard,pra,Over,25.5,1.893,SOLID,0.176,,hotover
2026-06-20T14:29:38+00:00,2026-06-20,Jordin Canada,pts,Under,12.5,1.75,STRONG,0.284,12.5,newunder
2026-06-20T14:29:38+00:00,2026-06-20,Sophie Cunningham,pts,Over,8.5,1.87,THIN,0.005,8.5,flip_paper
2026-06-20T14:29:38+00:00,2026-06-20,Gabriela Jaquez,pts,Under,9.5,1.85,THIN,0.07,9.5,model
2026-06-20T14:29:38+00:00,2026-06-20,Arike Ogunbowale,pra,Over,21.5,2.0,STRONG,0.426,,hotover
2026-06-20T14:29:38+00:00,2026-06-20,Paige Bueckers,pts,Under,19.5,1.73,SOLID,0.061,19.5,newunder
2026-06-20T14:29:38+00:00,2026-06-20,Angel Reese,pra,Over,29.5,1.893,STRONG,0.491,,overshoot
2026-06-20T14:29:38+00:00,2026-06-20,Natisha Hiedeman,pra,Over,21.5,1.87,STRONG,0.39,,overshoot
2026-06-20T14:29:38+00:00,2026-06-20,Nalyssa Smith,pts,Over,10.5,1.79,STRONG,0.322,,overshoot
2026-06-20T15:55:15+00:00,2026-06-20,Rhyne Howard,pra,Over,25.5,1.893,SOLID,0.176,,hotover
2026-06-20T15:55:15+00:00,2026-06-20,Jordin Canada,pts,Under,12.5,1.75,STRONG,0.284,12.5,newunder
2026-06-20T15:55:15+00:00,2026-06-20,Sophie Cunningham,pts,Over,8.5,1.87,THIN,0.005,8.5,flip_paper
2026-06-20T15:55:15+00:00,2026-06-20,Arike Ogunbowale,pra,Over,21.5,2.0,STRONG,0.426,,hotover
2026-06-20T15:55:15+00:00,2026-06-20,Paige Bueckers,pts,Under,19.5,1.73,SOLID,0.061,19.5,newunder
2026-06-20T15:55:15+00:00,2026-06-20,Gabby Williams,pts,Over,15.5,1.86,SOLID,0.124,,flip_paper
2026-06-20T15:55:15+00:00,2026-06-20,Cecilia Zandalasini,pts,Under,8.5,1.82,SOLID,0.068,,newunder
2026-06-20T15:55:15+00:00,2026-06-20,NaLyssa Smith,pts,Over,10.5,1.79,SOLID,0.158,,flip_paper
2026-06-20T15:55:15+00:00,2026-06-20,Kayla McBride,pts,Under,13.5,1.952,THIN,0.096,,newunder
2026-06-20T15:55:15+00:00,2026-06-20,Courtney Williams,pts,Under,17.5,1.714,SOLID,0.073,,newunder
2026-06-20T15:55:15+00:00,2026-06-20,Shakira Austin,pts,Under,13.5,1.833,STRONG,0.283,,newunder
2026-06-20T15:55:15+00:00,2026-06-20,Sonia Citron,pts,Under,16.5,1.714,SOLID,0.072,,newunder
2026-06-20T15:55:15+00:00,2026-06-20,Nneka Ogwumike,pts,Under,14.5,1.714,STRONG,0.223,,newunder
2026-06-20T15:55:15+00:00,2026-06-20,Breanna Stewart,pts,Under,18.5,1.91,SOLID,0.181,,newunder
2026-06-20T15:55:15+00:00,2026-06-20,Angel Reese,pra,Over,29.5,1.893,STRONG,0.491,,overshoot
2026-06-20T15:55:15+00:00,2026-06-20,Natisha Hiedeman,pra,Over,21.5,1.87,STRONG,0.39,,overshoot
2026-06-20T15:59:26+00:00,2026-06-20,Gabriela Jaquez,pts,Under,9.5,1.85,THIN,0.07,9.5,model
2026-06-20T16:00:04+00:00,2026-06-20,Gabriela Jaquez,pts,Under,9.5,1.85,THIN,0.07,9.5,model
2026-06-20T16:07:09+00:00,2026-06-20,Gabriela Jaquez,pts,Under,9.5,1.85,THIN,0.07,9.5,model
2026-06-20T16:09:20+00:00,2026-06-20,Gabriela Jaquez,pts,Under,9.5,1.85,THIN,0.07,9.5,model
2026-06-20T16:50:51+00:00,2026-06-20,Arike Ogunbowale,pra,Over,21.5,2.0,STRONG,0.426,,hotover
2026-06-20T16:50:51+00:00,2026-06-20,Paige Bueckers,pts,Under,19.5,1.73,SOLID,0.061,19.5,newunder
2026-06-20T16:50:51+00:00,2026-06-20,Gabby Williams,pts,Over,15.5,1.82,SOLID,0.099,,flip_paper
2026-06-20T16:50:51+00:00,2026-06-20,Cecilia Zandalasini,pts,Under,8.5,1.8,SOLID,0.056,,newunder
2026-06-20T16:50:51+00:00,2026-06-20,NaLyssa Smith,pts,Over,10.5,1.94,SOLID,0.255,,flip_paper
2026-06-20T16:50:51+00:00,2026-06-20,Kayla McBride,pts,Under,13.5,1.88,THIN,0.055,,newunder
2026-06-20T16:50:51+00:00,2026-06-20,Courtney Williams,pts,Under,16.5,1.84,THIN,0.038,,newunder
2026-06-20T16:50:51+00:00,2026-06-20,Shakira Austin,pts,Under,12.5,1.94,SOLID,0.226,,newunder
2026-06-20T16:50:51+00:00,2026-06-20,Sonia Citron,pts,Under,15.5,1.82,THIN,0.02,,newunder
2026-06-20T16:50:51+00:00,2026-06-20,Nneka Ogwumike,pts,Under,13.5,1.91,SOLID,0.225,,newunder
2026-06-20T16:50:51+00:00,2026-06-20,Breanna Stewart,pts,Under,18.5,1.91,SOLID,0.181,,newunder
2026-06-20T16:50:51+00:00,2026-06-20,Michaela Onyenwere,pts,Over,9.5,1.75,STRONG,0.389,,overshoot
2026-06-20T16:50:51+00:00,2026-06-20,Natisha Hiedeman,pra,Over,21.5,1.87,STRONG,0.39,,overshoot
2026-06-20T17:00:05+00:00,2026-06-20,Gabriela Jaquez,pts,Under,9.5,1.85,THIN,0.07,9.5,model
2026-06-20T17:48:46+00:00,2026-06-20,Arike Ogunbowale,pra,Over,21.5,2.0,STRONG,0.426,,hotover
2026-06-20T17:48:46+00:00,2026-06-20,Paige Bueckers,pts,Under,19.5,1.73,SOLID,0.061,19.5,newunder
2026-06-20T17:48:46+00:00,2026-06-20,Gabby Williams,pts,Over,15.5,1.82,SOLID,0.099,,flip_paper
2026-06-20T17:48:46+00:00,2026-06-20,Cecilia Zandalasini,pts,Under,8.5,1.89,SOLID,0.109,,newunder
2026-06-20T17:48:46+00:00,2026-06-20,NaLyssa Smith,pts,Over,9.5,1.645,STRONG,0.17,,flip_paper
2026-06-20T17:48:46+00:00,2026-06-20,Kayla McBride,pts,Under,13.5,1.88,THIN,0.055,,newunder
2026-06-20T17:48:46+00:00,2026-06-20,Courtney Williams,pts,Under,16.5,1.84,THIN,0.038,,newunder
2026-06-20T17:48:46+00:00,2026-06-20,Shakira Austin,pts,Under,12.5,1.94,SOLID,0.226,,newunder
2026-06-20T17:48:46+00:00,2026-06-20,Sonia Citron,pts,Under,15.5,1.82,THIN,0.02,,newunder
2026-06-20T17:48:46+00:00,2026-06-20,Nneka Ogwumike,pts,Under,13.5,1.91,SOLID,0.225,,newunder
2026-06-20T17:48:46+00:00,2026-06-20,Breanna Stewart,pts,Under,18.5,1.91,SOLID,0.181,,newunder
2026-06-20T17:48:46+00:00,2026-06-20,Michaela Onyenwere,pts,Over,9.5,1.75,STRONG,0.389,,overshoot
2026-06-20T17:48:46+00:00,2026-06-20,Natisha Hiedeman,pra,Over,21.5,1.87,STRONG,0.39,,overshoot
2026-06-20T18:00:05+00:00,2026-06-20,Gabriela Jaquez,pts,Under,9.5,1.85,THIN,0.07,9.5,model
