captured_utc,game_id,player,team,role
2026-06-24T23:34:39Z,401857018,Natasha Howard,MIN,starter
2026-06-24T23:34:39Z,401857018,Nia Coffey,MIN,starter
2026-06-24T23:34:39Z,401857018,Kayla McBride,MIN,starter
2026-06-24T23:34:39Z,401857018,Courtney Williams,MIN,starter
2026-06-24T23:34:39Z,401857018,Olivia Miles,MIN,starter
2026-06-24T23:34:39Z,401857018,Napheesa Collier,MIN,active
2026-06-24T23:34:39Z,401857018,Dorka Juhasz,MIN,active
2026-06-24T23:34:39Z,401857018,Antonia Delaere,MIN,active
2026-06-24T23:34:39Z,401857018,Anastasiia Olairi Kosu,MIN,active
2026-06-24T23:34:39Z,401857018,Emma Cechova,MIN,active
2026-06-24T23:34:39Z,401857018,Teaira McCowan,MIN,active
2026-06-24T23:34:39Z,401857018,Maya Caldwell,MIN,active
2026-06-24T23:34:39Z,401857018,Michaela Onyenwere,WSH,starter
2026-06-24T23:34:39Z,401857018,Kiki Iriafen,WSH,starter
2026-06-24T23:34:39Z,401857018,Shakira Austin,WSH,starter
2026-06-24T23:34:39Z,401857018,Sonia Citron,WSH,starter
2026-06-24T23:34:39Z,401857018,Georgia Amoore,WSH,starter
2026-06-24T23:34:39Z,401857018,Angela Dugalic,WSH,active
2026-06-24T23:34:39Z,401857018,Lauren Betts,WSH,active
2026-06-24T23:34:39Z,401857018,Rori Harmon,WSH,active
2026-06-24T23:34:39Z,401857018,Lucy Olsen,WSH,active
2026-06-24T23:34:39Z,401857018,Cotie McMahon,WSH,active
2026-06-24T23:34:39Z,401857018,Cassandre Prosper,WSH,active
2026-06-24T23:34:39Z,401857018,Alicia Florez,WSH,active
2026-06-25T01:50:04Z,401857017,DeWanna Bonner,PHX,starter
2026-06-25T01:50:04Z,401857017,Alyssa Thomas,PHX,starter
2026-06-25T01:50:04Z,401857017,Noemie Brochant,PHX,starter
2026-06-25T01:50:04Z,401857017,Kahleah Copper,PHX,starter
2026-06-25T01:50:04Z,401857017,Lexi Held,PHX,starter
2026-06-25T01:50:04Z,401857017,Valeriane Ayayi,PHX,active
2026-06-25T01:50:04Z,401857017,Marta Suarez,PHX,active
2026-06-25T01:50:04Z,401857017,Quionche Carter,PHX,active
2026-06-25T01:50:04Z,401857017,Natasha Mack,PHX,active
2026-06-25T01:50:04Z,401857017,Kyara Linskens,PHX,active
2026-06-25T01:50:04Z,401857017,Sami Whitcomb,PHX,active
2026-06-25T01:50:04Z,401857017,Monique Akoa Makani,PHX,active
2026-06-25T01:50:04Z,401857017,Monique Billings,IND,starter
2026-06-25T01:50:04Z,401857017,Aliyah Boston,IND,starter
2026-06-25T01:50:04Z,401857017,Kelsey Mitchell,IND,starter
2026-06-25T01:50:04Z,401857017,Lexie Hull,IND,starter
2026-06-25T01:50:04Z,401857017,Caitlin Clark,IND,starter
2026-06-25T01:50:04Z,401857017,Myisha Hines-Allen,IND,active
2026-06-25T01:50:04Z,401857017,Sophie Cunningham,IND,active
2026-06-25T01:50:04Z,401857017,Tyasha Harris,IND,active
2026-06-25T01:50:04Z,401857017,Raven Johnson,IND,active
2026-06-25T01:50:04Z,401857017,Makayla Timpson,IND,active
2026-06-25T01:50:04Z,401857017,Grace VanSlooten,IND,active
2026-06-25T01:50:04Z,401857017,Damiris Dantas,IND,active
2026-06-25T01:50:04Z,401857019,Bridget Carleton,POR,starter
2026-06-25T01:50:04Z,401857019,Emily Engstler,POR,starter
2026-06-25T01:50:04Z,401857019,Megan Gustafson,POR,starter
2026-06-25T01:50:04Z,401857019,Sarah Ashlee Barker,POR,starter
2026-06-25T01:50:04Z,401857019,Carla Leite,POR,starter
2026-06-25T01:50:04Z,401857019,Frieda Buhner,POR,active
2026-06-25T01:50:04Z,401857019,Nyadiew Puoch,POR,active
2026-06-25T01:50:04Z,401857019,Luisa Geiselsoder,POR,active
2026-06-25T01:50:04Z,401857019,Serah Williams,POR,active
2026-06-25T01:50:04Z,401857019,Karlie Samuelson,POR,active
2026-06-25T01:50:04Z,401857019,Teja Oblak,POR,active
2026-06-25T01:50:04Z,401857019,Holly Winterburn,POR,active
2026-06-25T01:50:04Z,401857019,Azura Stevens,CHI,starter
2026-06-25T01:50:04Z,401857019,Kamilla Cardoso,CHI,starter
2026-06-25T01:50:04Z,401857019,Skylar Diggins,CHI,starter
2026-06-25T01:50:04Z,401857019,Sydney Taylor,CHI,starter
2026-06-25T01:50:04Z,401857019,Gabriela Jaquez,CHI,starter
2026-06-25T01:50:04Z,401857019,Elizabeth Williams,CHI,active
2026-06-25T01:50:04Z,401857019,Natasha Cloud,CHI,active
2026-06-25T01:50:04Z,401857019,Rachel Banham,CHI,active
2026-06-25T01:50:04Z,401857019,Jacy Sheldon,CHI,active
2026-06-25T01:50:04Z,401857019,Aicha Coulibaly,CHI,active
2026-06-25T01:50:04Z,401857019,Rickea Jackson,CHI,active
2026-06-25T01:50:04Z,401857019,Courtney Vandersloot,CHI,active
2026-06-25T01:50:04Z,401857019,DiJonai Carrington,CHI,active
2026-06-25T23:45:20Z,401857021,Nneka Ogwumike,LA,starter
2026-06-25T23:45:20Z,401857021,Dearica Hamby,LA,starter
2026-06-25T23:45:20Z,401857021,Erica Wheeler,LA,starter
2026-06-25T23:45:20Z,401857021,Ariel Atkins,LA,starter
2026-06-25T23:45:20Z,401857021,Rae Burrell,LA,starter
2026-06-25T23:45:20Z,401857021,Emma Cannon,LA,active
2026-06-25T23:45:20Z,401857021,Jihyun Park,LA,active
2026-06-25T23:45:20Z,401857021,Laura Ziegler,LA,active
2026-06-25T23:45:20Z,401857021,Kiana Williams,LA,active
2026-06-25T23:45:20Z,401857021,Chance Gray,LA,active
2026-06-25T23:45:20Z,401857021,Cameron Brink,LA,active
2026-06-25T23:45:20Z,401857021,Kelsey Plum,LA,active
2026-06-25T23:45:20Z,401857021,Ta'Niya Latson,LA,active
2026-06-25T23:45:20Z,401857021,Isabelle Harrison,TOR,starter
2026-06-25T23:45:20Z,401857021,Maria Conde,TOR,starter
2026-06-25T23:45:20Z,401857021,Nyara Sabally,TOR,starter
2026-06-25T23:45:20Z,401857021,Marina Mabrey,TOR,starter
2026-06-25T23:45:20Z,401857021,Julie Allemand,TOR,starter
2026-06-25T23:45:20Z,401857021,Laura Juskaite,TOR,active
2026-06-25T23:45:20Z,401857021,Temi Fagbenle,TOR,active
2026-06-25T23:45:20Z,401857021,Kia Nurse,TOR,active
2026-06-25T23:45:20Z,401857021,Tima Pouye,TOR,active
2026-06-25T23:45:20Z,401857021,Teonni Key,TOR,active
2026-06-25T23:45:20Z,401857021,Brittney Sykes,TOR,active
2026-06-25T23:45:20Z,401857021,Kiki Rice,TOR,active
2026-06-27T01:33:12Z,401857024,Michaela Onyenwere,WSH,starter
2026-06-27T01:33:12Z,401857024,Kiki Iriafen,WSH,starter
2026-06-27T01:33:12Z,401857024,Shakira Austin,WSH,starter
2026-06-27T01:33:12Z,401857024,Sonia Citron,WSH,starter
2026-06-27T01:33:12Z,401857024,Georgia Amoore,WSH,starter
2026-06-27T01:33:12Z,401857024,Angela Dugalic,WSH,active
2026-06-27T01:33:12Z,401857024,Lauren Betts,WSH,active
2026-06-27T01:33:12Z,401857024,Lucy Olsen,WSH,active
2026-06-27T01:33:12Z,401857024,Cotie McMahon,WSH,active
2026-06-27T01:33:12Z,401857024,Rori Harmon,WSH,active
2026-06-27T01:33:12Z,401857024,Darianna Littlepage-Buggs,WSH,active
2026-06-27T01:33:12Z,401857024,Cassandre Prosper,WSH,active
2026-06-27T01:33:12Z,401857024,Alicia Florez,WSH,active
2026-06-27T01:33:12Z,401857024,Diamond Miller,CON,starter
2026-06-27T01:33:12Z,401857024,Brittney Griner,CON,starter
2026-06-27T01:33:12Z,401857024,Olivia Nelson-Ododa,CON,starter
2026-06-27T01:33:12Z,401857024,Charlisse Leger-Walker,CON,starter
2026-06-27T01:33:12Z,401857024,Leila Lacan,CON,starter
2026-06-27T01:33:12Z,401857024,Aaliyah Edwards,CON,active
2026-06-27T01:33:12Z,401857024,Raegan Beers,CON,active
2026-06-27T01:33:12Z,401857024,Nell Angloma,CON,active
2026-06-27T01:33:12Z,401857024,Kennedy Burke,CON,active
2026-06-27T01:33:12Z,401857024,Ashlon Jackson,CON,active
2026-06-27T01:33:12Z,401857024,Aneesah Morrow,CON,active
2026-06-27T01:33:12Z,401857024,Hailey Van Lith,CON,active
2026-06-27T01:33:12Z,401857024,Saniya Rivers,CON,active
2026-06-27T01:33:12Z,401857024,Gianna Kneepkens,CON,active
2026-06-27T04:16:06Z,401857026,Naz Hillmon,ATL,starter
2026-06-27T04:16:06Z,401857026,Angel Reese,ATL,starter
2026-06-27T04:16:06Z,401857026,Allisha Gray,ATL,starter
2026-06-27T04:16:06Z,401857026,Jordin Canada,ATL,starter
2026-06-27T04:16:06Z,401857026,Rhyne Howard,ATL,starter
2026-06-27T04:16:06Z,401857026,Madina Okot,ATL,active
2026-06-27T04:16:06Z,401857026,Te-Hina Paopao,ATL,active
2026-06-27T04:16:06Z,401857026,Isobel Borlase,ATL,active
2026-06-27T04:16:06Z,401857026,Sika Kone,ATL,active
2026-06-27T04:16:06Z,401857026,Indya Nivar,ATL,active
2026-06-27T04:16:06Z,401857026,Kayla Thornton,GS,starter
2026-06-27T04:16:06Z,401857026,Gabby Williams,GS,starter
2026-06-27T04:16:06Z,401857026,Cecilia Zandalasini,GS,starter
2026-06-27T04:16:06Z,401857026,Kiah Stokes,GS,starter
2026-06-27T04:16:06Z,401857026,Veronica Burton,GS,starter
2026-06-27T04:16:06Z,401857026,Laeticia Amihere,GS,active
2026-06-27T04:16:06Z,401857026,Janelle Salaun,GS,active
2026-06-27T04:16:06Z,401857026,Tiffany Hayes,GS,active
2026-06-27T04:16:06Z,401857026,Kaila Charles,GS,active
2026-06-27T04:16:06Z,401857026,Kaitlyn Chen,GS,active
2026-06-27T04:16:06Z,401857026,Nadia Fingall,GS,active
2026-06-27T04:16:06Z,401857026,Juste Jocyte,GS,active
2026-06-27T18:17:31Z,401857027,DeWanna Bonner,PHX,starter
2026-06-27T18:17:31Z,401857027,Noemie Brochant,PHX,starter
2026-06-27T18:17:31Z,401857027,Kyara Linskens,PHX,starter
2026-06-27T18:17:31Z,401857027,Kahleah Copper,PHX,starter
2026-06-27T18:17:31Z,401857027,Lexi Held,PHX,starter
2026-06-27T18:17:31Z,401857027,Valeriane Ayayi,PHX,active
2026-06-27T18:17:31Z,401857027,Marta Suarez,PHX,active
2026-06-27T18:17:31Z,401857027,Alyssa Thomas,PHX,active
2026-06-27T18:17:31Z,401857027,Natasha Mack,PHX,active
2026-06-27T18:17:31Z,401857027,Sami Whitcomb,PHX,active
2026-06-27T18:17:31Z,401857027,Shay Ciezki,PHX,active
2026-06-27T18:17:31Z,401857027,Quionche Carter,PHX,active
2026-06-27T18:17:31Z,401857027,Monique Akoa Makani,PHX,active
2026-06-27T18:17:31Z,401857027,Isabelle Harrison,TOR,starter
2026-06-27T18:17:31Z,401857027,Maria Conde,TOR,starter
2026-06-27T18:17:31Z,401857027,Nyara Sabally,TOR,starter
2026-06-27T18:17:31Z,401857027,Kia Nurse,TOR,starter
2026-06-27T18:17:31Z,401857027,Julie Allemand,TOR,starter
2026-06-27T18:17:31Z,401857027,Laura Juskaite,TOR,active
2026-06-27T18:17:31Z,401857027,Temi Fagbenle,TOR,active
2026-06-27T18:17:31Z,401857027,Tima Pouye,TOR,active
2026-06-27T18:17:31Z,401857027,Teonni Key,TOR,active
2026-06-27T18:17:31Z,401857027,Brittney Sykes,TOR,active
2026-06-27T18:17:31Z,401857027,Marina Mabrey,TOR,active
2026-06-27T18:17:31Z,401857027,Kiki Rice,TOR,active
2026-06-28T01:52:54Z,401857028,Nneka Ogwumike,LA,starter
2026-06-28T01:52:54Z,401857028,Dearica Hamby,LA,starter
2026-06-28T01:52:54Z,401857028,Erica Wheeler,LA,starter
2026-06-28T01:52:54Z,401857028,Ariel Atkins,LA,starter
2026-06-28T01:52:54Z,401857028,Rae Burrell,LA,starter
2026-06-28T01:52:54Z,401857028,Emma Cannon,LA,active
2026-06-28T01:52:54Z,401857028,Jihyun Park,LA,active
2026-06-28T01:52:54Z,401857028,Laura Ziegler,LA,active
2026-06-28T01:52:54Z,401857028,Kiana Williams,LA,active
2026-06-28T01:52:54Z,401857028,Ta'Niya Latson,LA,active
2026-06-28T01:52:54Z,401857028,Chance Gray,LA,active
2026-06-28T01:52:54Z,401857028,Cameron Brink,LA,active
2026-06-28T01:52:54Z,401857028,Kelsey Plum,LA,active
2026-06-28T01:52:54Z,401857028,Monique Billings,IND,starter
2026-06-28T01:52:54Z,401857028,Aliyah Boston,IND,starter
2026-06-28T01:52:54Z,401857028,Kelsey Mitchell,IND,starter
2026-06-28T01:52:54Z,401857028,Tyasha Harris,IND,starter
2026-06-28T01:52:54Z,401857028,Lexie Hull,IND,starter
2026-06-28T01:52:54Z,401857028,Myisha Hines-Allen,IND,active
2026-06-28T01:52:54Z,401857028,Makayla Timpson,IND,active
2026-06-28T01:52:54Z,401857028,Sophie Cunningham,IND,active
2026-06-28T01:52:54Z,401857028,Raven Johnson,IND,active
2026-06-28T01:52:54Z,401857028,Bree Hall,IND,active
2026-06-28T01:52:54Z,401857028,Grace VanSlooten,IND,active
2026-06-28T01:52:54Z,401857028,Damiris Dantas,IND,active
2026-06-28T01:52:54Z,401857028,Caitlin Clark,IND,active
2026-06-28T01:52:54Z,401857029,Angel Reese,ATL,starter
2026-06-28T01:52:54Z,401857029,Madina Okot,ATL,starter
2026-06-28T01:52:54Z,401857029,Allisha Gray,ATL,starter
2026-06-28T01:52:54Z,401857029,Jordin Canada,ATL,starter
2026-06-28T01:52:54Z,401857029,Rhyne Howard,ATL,starter
2026-06-28T01:52:54Z,401857029,Sika Kone,ATL,active
2026-06-28T01:52:54Z,401857029,Te-Hina Paopao,ATL,active
2026-06-28T01:52:54Z,401857029,Isobel Borlase,ATL,active
2026-06-28T01:52:54Z,401857029,Brionna Jones,ATL,active
2026-06-28T01:52:54Z,401857029,Amy Okonkwo,ATL,active
2026-06-28T01:52:54Z,401857029,Naz Hillmon,ATL,active
2026-06-28T01:52:54Z,401857029,Aaliyah Nye,ATL,active
2026-06-28T01:52:54Z,401857029,Indya Nivar,ATL,active
2026-06-28T01:52:54Z,401857029,Dominique Malonga,SEA,starter
2026-06-28T01:52:54Z,401857029,Awa Fam,SEA,starter
2026-06-28T01:52:54Z,401857029,Natisha Hiedeman,SEA,starter
2026-06-28T01:52:54Z,401857029,Flau'jae Johnson,SEA,starter
2026-06-28T01:52:54Z,401857029,Jade Melbourne,SEA,starter
2026-06-28T01:52:54Z,401857029,Katie Lou Samuelson,SEA,active
2026-06-28T01:52:54Z,401857029,Taylor Thierry,SEA,active
2026-06-28T01:52:54Z,401857029,Stefanie Dolson,SEA,active
2026-06-28T01:52:54Z,401857029,Zia Cooke,SEA,active
2026-06-28T01:52:54Z,401857029,Ezi Magbegor,SEA,active
2026-06-28T01:52:54Z,401857029,Jordan Horston,SEA,active
2026-06-28T01:52:54Z,401857029,Mackenzie Holmes,SEA,active
2026-06-28T18:17:10Z,401857030,Natasha Howard,MIN,starter
2026-06-28T18:17:10Z,401857030,Nia Coffey,MIN,starter
2026-06-28T18:17:10Z,401857030,Kayla McBride,MIN,starter
2026-06-28T18:17:10Z,401857030,Courtney Williams,MIN,starter
2026-06-28T18:17:10Z,401857030,Olivia Miles,MIN,starter
2026-06-28T18:17:10Z,401857030,Liatu King,MIN,active
2026-06-28T18:17:10Z,401857030,Antonia Delaere,MIN,active
2026-06-28T18:17:10Z,401857030,Anastasiia Olairi Kosu,MIN,active
2026-06-28T18:17:10Z,401857030,Maya Caldwell,MIN,active
2026-06-28T18:17:10Z,401857030,Jessica Shepard,DAL,starter
2026-06-28T18:17:10Z,401857030,Awak Kuier,DAL,starter
2026-06-28T18:17:10Z,401857030,Arike Ogunbowale,DAL,starter
2026-06-28T18:17:10Z,401857030,Paige Bueckers,DAL,starter
2026-06-28T18:17:10Z,401857030,Azzi Fudd,DAL,starter
2026-06-28T18:17:10Z,401857030,Alysha Clark,DAL,active
2026-06-28T18:17:10Z,401857030,Maddy Siegrist,DAL,active
2026-06-28T18:17:10Z,401857030,Li Yueru,DAL,active
2026-06-28T18:17:10Z,401857030,Sug Sutton,DAL,active
2026-06-28T18:17:10Z,401857030,Aziaha James,DAL,active
2026-06-28T18:17:10Z,401857030,Haley Jones,DAL,active
2026-06-28T19:45:20Z,401857031,Bridget Carleton,POR,starter
2026-06-28T19:45:20Z,401857031,Emily Engstler,POR,starter
2026-06-28T19:45:20Z,401857031,Megan Gustafson,POR,starter
2026-06-28T19:45:20Z,401857031,Sarah Ashlee Barker,POR,starter
2026-06-28T19:45:20Z,401857031,Carla Leite,POR,starter
2026-06-28T19:45:20Z,401857031,Frieda Buhner,POR,active
2026-06-28T19:45:20Z,401857031,Nyadiew Puoch,POR,active
2026-06-28T19:45:20Z,401857031,Serah Williams,POR,active
2026-06-28T19:45:20Z,401857031,Jordan Harrison,POR,active
2026-06-28T19:45:20Z,401857031,Teja Oblak,POR,active
2026-06-28T19:45:20Z,401857031,Luisa Geiselsoder,POR,active
2026-06-28T19:45:20Z,401857031,Holly Winterburn,POR,active
2026-06-28T19:45:20Z,401857031,Michaela Onyenwere,WSH,starter
2026-06-28T19:45:20Z,401857031,Kiki Iriafen,WSH,starter
2026-06-28T19:45:20Z,401857031,Shakira Austin,WSH,starter
2026-06-28T19:45:20Z,401857031,Sonia Citron,WSH,starter
2026-06-28T19:45:20Z,401857031,Georgia Amoore,WSH,starter
2026-06-28T19:45:20Z,401857031,Angela Dugalic,WSH,active
2026-06-28T19:45:20Z,401857031,Lauren Betts,WSH,active
2026-06-28T19:45:20Z,401857031,Lucy Olsen,WSH,active
2026-06-28T19:45:20Z,401857031,Cotie McMahon,WSH,active
2026-06-28T19:45:20Z,401857031,Rori Harmon,WSH,active
2026-06-28T19:45:20Z,401857031,Darianna Littlepage-Buggs,WSH,active
2026-06-28T19:45:20Z,401857031,Cassandre Prosper,WSH,active
2026-06-28T19:45:20Z,401857031,Alicia Florez,WSH,active
2026-06-28T21:18:11Z,401857032,Stephanie Talbot,LV,starter
2026-06-28T21:18:11Z,401857032,NaLyssa Smith,LV,starter
2026-06-28T21:18:11Z,401857032,A'ja Wilson,LV,starter
2026-06-28T21:18:11Z,401857032,Chelsea Gray,LV,starter
2026-06-28T21:18:11Z,401857032,Jackie Young,LV,starter
2026-06-28T21:18:11Z,401857032,Cheyenne Parker-Tyus,LV,active
2026-06-28T21:18:11Z,401857032,Brianna Turner,LV,active
2026-06-28T21:18:11Z,401857032,Kierstan Bell,LV,active
2026-06-28T21:18:11Z,401857032,Jewell Loyd,LV,active
2026-06-28T21:18:11Z,401857032,Chennedy Carter,LV,active
2026-06-28T21:18:11Z,401857032,Janiah Barker,LV,active
2026-06-28T21:18:11Z,401857032,Dana Evans,LV,active
2026-06-28T21:18:11Z,401857032,Azura Stevens,CHI,starter
2026-06-28T21:18:11Z,401857032,Kamilla Cardoso,CHI,starter
2026-06-28T21:18:11Z,401857032,Skylar Diggins,CHI,starter
2026-06-28T21:18:11Z,401857032,Sydney Taylor,CHI,starter
2026-06-28T21:18:11Z,401857032,Gabriela Jaquez,CHI,starter
2026-06-28T21:18:11Z,401857032,Elizabeth Williams,CHI,active
2026-06-28T21:18:11Z,401857032,Courtney Vandersloot,CHI,active
2026-06-28T21:18:11Z,401857032,Natasha Cloud,CHI,active
2026-06-28T21:18:11Z,401857032,Jacy Sheldon,CHI,active
2026-06-28T21:18:11Z,401857032,Aicha Coulibaly,CHI,active
2026-06-28T21:18:11Z,401857032,Rachel Banham,CHI,active
2026-06-28T21:18:11Z,401857032,DiJonai Carrington,CHI,active
2026-06-28T23:47:51Z,401857033,Breanna Stewart,NY,starter
2026-06-28T23:47:51Z,401857033,Leonie Fiebich,NY,starter
2026-06-28T23:47:51Z,401857033,Jonquel Jones,NY,starter
2026-06-28T23:47:51Z,401857033,Sabrina Ionescu,NY,starter
2026-06-28T23:47:51Z,401857033,Pauline Astier,NY,starter
2026-06-28T23:47:51Z,401857033,Han Xu,NY,active
2026-06-28T23:47:51Z,401857033,Rebekah Gardner,NY,active
2026-06-28T23:47:51Z,401857033,Betnijah Laney-Hamilton,NY,active
2026-06-28T23:47:51Z,401857033,Marine Johannes,NY,active
2026-06-28T23:47:51Z,401857033,Raquel Carrera,NY,active
2026-06-28T23:47:51Z,401857033,Rebecca Allen,NY,active
2026-06-28T23:47:51Z,401857033,Kayla Thornton,GS,starter
2026-06-28T23:47:51Z,401857033,Gabby Williams,GS,starter
2026-06-28T23:47:51Z,401857033,Cecilia Zandalasini,GS,starter
2026-06-28T23:47:51Z,401857033,Kiah Stokes,GS,starter
2026-06-28T23:47:51Z,401857033,Veronica Burton,GS,starter
2026-06-28T23:47:51Z,401857033,Laeticia Amihere,GS,active
2026-06-28T23:47:51Z,401857033,Janelle Salaun,GS,active
2026-06-28T23:47:51Z,401857033,Tiffany Hayes,GS,active
2026-06-28T23:47:51Z,401857033,Kaila Charles,GS,active
2026-06-28T23:47:51Z,401857033,Kaitlyn Chen,GS,active
2026-06-28T23:47:51Z,401857033,Nadia Fingall,GS,active
2026-06-28T23:47:51Z,401857033,Juste Jocyte,GS,active
2026-06-30T23:36:51Z,401857321,Stephanie Talbot,LV,starter
2026-06-30T23:36:51Z,401857321,NaLyssa Smith,LV,starter
2026-06-30T23:36:51Z,401857321,Chelsea Gray,LV,starter
2026-06-30T23:36:51Z,401857321,Jewell Loyd,LV,starter
2026-06-30T23:36:51Z,401857321,Jackie Young,LV,starter
2026-06-30T23:36:51Z,401857321,Cheyenne Parker-Tyus,LV,active
2026-06-30T23:36:51Z,401857321,Brianna Turner,LV,active
2026-06-30T23:36:51Z,401857321,Kierstan Bell,LV,active
2026-06-30T23:36:51Z,401857321,Chennedy Carter,LV,active
2026-06-30T23:36:51Z,401857321,Breanna Stewart,NY,starter
2026-06-30T23:36:51Z,401857321,Leonie Fiebich,NY,starter
2026-06-30T23:36:51Z,401857321,Jonquel Jones,NY,starter
2026-06-30T23:36:51Z,401857321,Sabrina Ionescu,NY,starter
2026-06-30T23:36:51Z,401857321,Pauline Astier,NY,starter
2026-06-30T23:36:51Z,401857321,Rebekah Gardner,NY,active
2026-06-30T23:36:51Z,401857321,Marine Johannes,NY,active
2026-06-30T23:36:51Z,401857321,Raquel Carrera,NY,active
2026-06-30T23:36:51Z,401857321,Han Xu,NY,active
2026-06-30T23:36:51Z,401857321,Betnijah Laney-Hamilton,NY,active
2026-06-30T23:36:51Z,401857321,Rebecca Allen,NY,active
2026-07-03T00:18:14Z,401857034,Angel Reese,ATL,starter
2026-07-03T00:18:14Z,401857034,Sika Kone,ATL,starter
2026-07-03T00:18:14Z,401857034,Allisha Gray,ATL,starter
2026-07-03T00:18:14Z,401857034,Jordin Canada,ATL,starter
2026-07-03T00:18:14Z,401857034,Rhyne Howard,ATL,starter
2026-07-03T00:18:14Z,401857034,Naz Hillmon,ATL,active
2026-07-03T00:18:14Z,401857034,Madina Okot,ATL,active
2026-07-03T00:18:14Z,401857034,Te-Hina Paopao,ATL,active
2026-07-03T00:18:14Z,401857034,Indya Nivar,ATL,active
2026-07-03T00:18:14Z,401857034,Isobel Borlase,ATL,active
2026-07-03T00:18:14Z,401857034,Brionna Jones,ATL,active
2026-07-03T00:18:14Z,401857034,Aaliyah Nye,ATL,active
2026-07-03T00:18:14Z,401857034,Michaela Onyenwere,WSH,starter
2026-07-03T00:18:14Z,401857034,Kiki Iriafen,WSH,starter
2026-07-03T00:18:14Z,401857034,Shakira Austin,WSH,starter
2026-07-03T00:18:14Z,401857034,Cotie McMahon,WSH,starter
2026-07-03T00:18:14Z,401857034,Georgia Amoore,WSH,starter
2026-07-03T00:18:14Z,401857034,Angela Dugalic,WSH,active
2026-07-03T00:18:14Z,401857034,Lauren Betts,WSH,active
2026-07-03T00:18:14Z,401857034,Lucy Olsen,WSH,active
2026-07-03T00:18:14Z,401857034,Cassandre Prosper,WSH,active
2026-07-03T00:18:14Z,401857034,Alicia Florez,WSH,active
2026-07-03T00:18:14Z,401857034,Rori Harmon,WSH,active
2026-07-03T00:18:14Z,401857034,Sonia Citron,WSH,active
2026-07-03T00:18:14Z,401857034,Darianna Littlepage-Buggs,WSH,active
2026-07-03T00:18:14Z,401857035,Jessica Shepard,DAL,starter
2026-07-03T00:18:14Z,401857035,Awak Kuier,DAL,starter
2026-07-03T00:18:14Z,401857035,Arike Ogunbowale,DAL,starter
2026-07-03T00:18:14Z,401857035,Paige Bueckers,DAL,starter
2026-07-03T00:18:14Z,401857035,Azzi Fudd,DAL,starter
2026-07-03T00:18:14Z,401857035,Alanna Smith,DAL,active
2026-07-03T00:18:14Z,401857035,Odyssey Sims,DAL,active
2026-07-03T00:18:14Z,401857035,Alysha Clark,DAL,active
2026-07-03T00:18:14Z,401857035,Maddy Siegrist,DAL,active
2026-07-03T00:18:14Z,401857035,Li Yueru,DAL,active
2026-07-03T00:18:14Z,401857035,Sug Sutton,DAL,active
2026-07-03T00:18:14Z,401857035,Aziaha James,DAL,active
2026-07-03T00:18:14Z,401857035,Haley Jones,DAL,active
2026-07-03T00:18:14Z,401857035,Costanza Verona,DAL,active
2026-07-03T00:18:14Z,401857035,Diamond Miller,CON,starter
2026-07-03T00:18:14Z,401857035,Brittney Griner,CON,starter
2026-07-03T00:18:14Z,401857035,Olivia Nelson-Ododa,CON,starter
2026-07-03T00:18:14Z,401857035,Charlisse Leger-Walker,CON,starter
2026-07-03T00:18:14Z,401857035,Leila Lacan,CON,starter
2026-07-03T00:18:14Z,401857035,Aaliyah Edwards,CON,active
2026-07-03T00:18:14Z,401857035,Saniya Rivers,CON,active
2026-07-03T00:18:14Z,401857035,Aneesah Morrow,CON,active
2026-07-03T00:18:14Z,401857035,Raegan Beers,CON,active
2026-07-03T00:18:14Z,401857035,Nell Angloma,CON,active
2026-07-03T00:18:14Z,401857035,Kennedy Burke,CON,active
2026-07-03T00:18:14Z,401857035,Hailey Van Lith,CON,active
2026-07-03T00:18:14Z,401857035,Gianna Kneepkens,CON,active
2026-07-03T00:18:14Z,401857035,Ashlon Jackson,CON,active
2026-07-03T23:42:31Z,401857037,Natasha Howard,MIN,starter
2026-07-03T23:42:31Z,401857037,Nia Coffey,MIN,starter
2026-07-03T23:42:31Z,401857037,Kayla McBride,MIN,starter
2026-07-03T23:42:31Z,401857037,Courtney Williams,MIN,starter
2026-07-03T23:42:31Z,401857037,Olivia Miles,MIN,starter
2026-07-03T23:42:31Z,401857037,Maya Caldwell,MIN,active
2026-07-03T23:42:31Z,401857037,Dorka Juhasz,MIN,active
2026-07-03T23:42:31Z,401857037,Liatu King,MIN,active
2026-07-03T23:42:31Z,401857037,Antonia Delaere,MIN,active
2026-07-03T23:42:31Z,401857037,Anastasiia Olairi Kosu,MIN,active
2026-07-03T23:42:31Z,401857037,Eliska Hamzova,MIN,active
2026-07-03T23:42:31Z,401857037,Breanna Stewart,NY,starter
2026-07-03T23:42:31Z,401857037,Leonie Fiebich,NY,starter
2026-07-03T23:42:31Z,401857037,Jonquel Jones,NY,starter
2026-07-03T23:42:31Z,401857037,Sabrina Ionescu,NY,starter
2026-07-03T23:42:31Z,401857037,Pauline Astier,NY,starter
2026-07-03T23:42:31Z,401857037,Marine Johannes,NY,active
2026-07-03T23:42:31Z,401857037,Raquel Carrera,NY,active
2026-07-03T23:42:31Z,401857037,Han Xu,NY,active
2026-07-03T23:42:31Z,401857037,Rebekah Gardner,NY,active
2026-07-03T23:42:31Z,401857037,Betnijah Laney-Hamilton,NY,active
2026-07-03T23:42:31Z,401857037,Rebecca Allen,NY,active
2026-07-04T04:00:57Z,401857038,Azura Stevens,CHI,starter
2026-07-04T04:00:57Z,401857038,Kamilla Cardoso,CHI,starter
2026-07-04T04:00:57Z,401857038,Skylar Diggins,CHI,starter
2026-07-04T04:00:57Z,401857038,Sydney Taylor,CHI,starter
2026-07-04T04:00:57Z,401857038,Gabriela Jaquez,CHI,starter
2026-07-04T04:00:57Z,401857038,Elizabeth Williams,CHI,active
2026-07-04T04:00:57Z,401857038,Courtney Vandersloot,CHI,active
2026-07-04T04:00:57Z,401857038,Natasha Cloud,CHI,active
2026-07-04T04:00:57Z,401857038,Jacy Sheldon,CHI,active
2026-07-04T04:00:57Z,401857038,Aicha Coulibaly,CHI,active
2026-07-04T04:00:57Z,401857038,Rachel Banham,CHI,active
2026-07-04T04:00:57Z,401857038,Stephanie Talbot,LV,starter
2026-07-04T04:00:57Z,401857038,NaLyssa Smith,LV,starter
2026-07-04T04:00:57Z,401857038,Chelsea Gray,LV,starter
2026-07-04T04:00:57Z,401857038,Jewell Loyd,LV,starter
2026-07-04T04:00:57Z,401857038,Jackie Young,LV,starter
2026-07-04T04:00:57Z,401857038,Cheyenne Parker-Tyus,LV,active
2026-07-04T04:00:57Z,401857038,Kierstan Bell,LV,active
2026-07-04T04:00:57Z,401857038,Chennedy Carter,LV,active
2026-07-04T04:00:57Z,401857038,Brianna Turner,LV,active
2026-07-04T17:44:00Z,401857039,Kayla Thornton,GS,starter
2026-07-04T17:44:00Z,401857039,Gabby Williams,GS,starter
2026-07-04T17:44:00Z,401857039,Cecilia Zandalasini,GS,starter
2026-07-04T17:44:00Z,401857039,Kiah Stokes,GS,starter
2026-07-04T17:44:00Z,401857039,Veronica Burton,GS,starter
2026-07-04T17:44:00Z,401857039,Laeticia Amihere,GS,active
2026-07-04T17:44:00Z,401857039,Janelle Salaun,GS,active
2026-07-04T17:44:00Z,401857039,Tiffany Hayes,GS,active
2026-07-04T17:44:00Z,401857039,Kaila Charles,GS,active
2026-07-04T17:44:00Z,401857039,Kaitlyn Chen,GS,active
2026-07-04T17:44:00Z,401857039,Nadia Fingall,GS,active
2026-07-04T17:44:00Z,401857039,Juste Jocyte,GS,active
2026-07-04T17:44:00Z,401857039,Angel Reese,ATL,starter
2026-07-04T17:44:00Z,401857039,Allisha Gray,ATL,starter
2026-07-04T17:44:00Z,401857039,Jordin Canada,ATL,starter
2026-07-04T17:44:00Z,401857039,Rhyne Howard,ATL,starter
2026-07-04T17:44:00Z,401857039,Isobel Borlase,ATL,starter
2026-07-04T17:44:00Z,401857039,Naz Hillmon,ATL,active
2026-07-04T17:44:00Z,401857039,Sika Kone,ATL,active
2026-07-04T17:44:00Z,401857039,Madina Okot,ATL,active
2026-07-04T17:44:00Z,401857039,Te-Hina Paopao,ATL,active
2026-07-04T17:44:00Z,401857039,Indya Nivar,ATL,active
2026-07-04T17:44:00Z,401857039,Brionna Jones,ATL,active
2026-07-04T17:44:00Z,401857039,Aaliyah Nye,ATL,active
2026-07-05T01:24:45Z,401857040,Bridget Carleton,POR,starter
2026-07-05T01:24:45Z,401857040,Emily Engstler,POR,starter
2026-07-05T01:24:45Z,401857040,Megan Gustafson,POR,starter
2026-07-05T01:24:45Z,401857040,Sarah Ashlee Barker,POR,starter
2026-07-05T01:24:45Z,401857040,Carla Leite,POR,starter
2026-07-05T01:24:45Z,401857040,Frieda Buhner,POR,active
2026-07-05T01:24:45Z,401857040,Nyadiew Puoch,POR,active
2026-07-05T01:24:45Z,401857040,Serah Williams,POR,active
2026-07-05T01:24:45Z,401857040,Holly Winterburn,POR,active
2026-07-05T01:24:45Z,401857040,Teja Oblak,POR,active
2026-07-05T01:24:45Z,401857040,Luisa Geiselsoder,POR,active
2026-07-05T01:24:45Z,401857040,Karlie Samuelson,POR,active
2026-07-05T01:24:45Z,401857040,Dominique Malonga,SEA,starter
2026-07-05T01:24:45Z,401857040,Awa Fam,SEA,starter
2026-07-05T01:24:45Z,401857040,Natisha Hiedeman,SEA,starter
2026-07-05T01:24:45Z,401857040,Flau'jae Johnson,SEA,starter
2026-07-05T01:24:45Z,401857040,Jade Melbourne,SEA,starter
2026-07-05T01:24:45Z,401857040,Katie Lou Samuelson,SEA,active
2026-07-05T01:24:45Z,401857040,Ezi Magbegor,SEA,active
2026-07-05T01:24:45Z,401857040,Jordan Horston,SEA,active
2026-07-05T01:24:45Z,401857040,Stefanie Dolson,SEA,active
2026-07-05T01:24:45Z,401857040,Zia Cooke,SEA,active
2026-07-05T01:24:45Z,401857040,Mackenzie Holmes,SEA,active
2026-07-05T01:24:45Z,401857040,Taylor Thierry,SEA,active
2026-07-05T19:40:49Z,401857041,Jessica Shepard,DAL,starter
2026-07-05T19:40:49Z,401857041,Awak Kuier,DAL,starter
2026-07-05T19:40:49Z,401857041,Arike Ogunbowale,DAL,starter
2026-07-05T19:40:49Z,401857041,Paige Bueckers,DAL,starter
2026-07-05T19:40:49Z,401857041,Azzi Fudd,DAL,starter
2026-07-05T19:40:49Z,401857041,Alysha Clark,DAL,active
2026-07-05T19:40:49Z,401857041,Alanna Smith,DAL,active
2026-07-05T19:40:49Z,401857041,Maddy Siegrist,DAL,active
2026-07-05T19:40:49Z,401857041,Odyssey Sims,DAL,active
2026-07-05T19:40:49Z,401857041,Aziaha James,DAL,active
2026-07-05T19:40:49Z,401857041,Li Yueru,DAL,active
2026-07-05T19:40:49Z,401857041,Sug Sutton,DAL,active
2026-07-05T19:40:49Z,401857041,Isabelle Harrison,TOR,starter
2026-07-05T19:40:49Z,401857041,Maria Conde,TOR,starter
2026-07-05T19:40:49Z,401857041,Nyara Sabally,TOR,starter
2026-07-05T19:40:49Z,401857041,Marina Mabrey,TOR,starter
2026-07-05T19:40:49Z,401857041,Tima Pouye,TOR,starter
2026-07-05T19:40:49Z,401857041,Laura Juskaite,TOR,active
2026-07-05T19:40:49Z,401857041,Kia Nurse,TOR,active
2026-07-05T19:40:49Z,401857041,Ornella Bankole,TOR,active
2026-07-05T19:40:49Z,401857041,Teonni Key,TOR,active
2026-07-05T19:40:49Z,401857041,Temi Fagbenle,TOR,active
2026-07-05T19:40:49Z,401857041,Brittney Sykes,TOR,active
2026-07-05T19:40:49Z,401857041,Julie Allemand,TOR,active
2026-07-05T19:40:49Z,401857041,Kiki Rice,TOR,active
2026-07-05T23:43:07Z,401857042,Monique Billings,IND,starter
2026-07-05T23:43:07Z,401857042,Aliyah Boston,IND,starter
2026-07-05T23:43:07Z,401857042,Kelsey Mitchell,IND,starter
2026-07-05T23:43:07Z,401857042,Tyasha Harris,IND,starter
2026-07-05T23:43:07Z,401857042,Lexie Hull,IND,starter
2026-07-05T23:43:07Z,401857042,Myisha Hines-Allen,IND,active
2026-07-05T23:43:07Z,401857042,Makayla Timpson,IND,active
2026-07-05T23:43:07Z,401857042,Sophie Cunningham,IND,active
2026-07-05T23:43:07Z,401857042,Raven Johnson,IND,active
2026-07-05T23:43:07Z,401857042,Grace VanSlooten,IND,active
2026-07-05T23:43:07Z,401857042,Damiris Dantas,IND,active
2026-07-05T23:43:07Z,401857042,Bree Hall,IND,active
2026-07-05T23:43:07Z,401857042,Cheyenne Parker-Tyus,LV,starter
2026-07-05T23:43:07Z,401857042,NaLyssa Smith,LV,starter
2026-07-05T23:43:07Z,401857042,Chelsea Gray,LV,starter
2026-07-05T23:43:07Z,401857042,Jewell Loyd,LV,starter
2026-07-05T23:43:07Z,401857042,Jackie Young,LV,starter
2026-07-05T23:43:07Z,401857042,Stephanie Talbot,LV,active
2026-07-05T23:43:07Z,401857042,Brianna Turner,LV,active
2026-07-05T23:43:07Z,401857042,Kierstan Bell,LV,active
2026-07-05T23:43:07Z,401857042,Chennedy Carter,LV,active
2026-07-07T00:19:01Z,401857043,Kayla Thornton,GS,starter
2026-07-07T00:19:01Z,401857043,Gabby Williams,GS,starter
2026-07-07T00:19:01Z,401857043,Cecilia Zandalasini,GS,starter
2026-07-07T00:19:01Z,401857043,Kiah Stokes,GS,starter
2026-07-07T00:19:01Z,401857043,Veronica Burton,GS,starter
2026-07-07T00:19:01Z,401857043,Laeticia Amihere,GS,active
2026-07-07T00:19:01Z,401857043,Janelle Salaun,GS,active
2026-07-07T00:19:01Z,401857043,Tiffany Hayes,GS,active
2026-07-07T00:19:01Z,401857043,Kaila Charles,GS,active
2026-07-07T00:19:01Z,401857043,Kaitlyn Chen,GS,active
2026-07-07T00:19:01Z,401857043,Nadia Fingall,GS,active
2026-07-07T00:19:01Z,401857043,Juste Jocyte,GS,active
2026-07-07T00:19:01Z,401857043,Michaela Onyenwere,WSH,starter
2026-07-07T00:19:01Z,401857043,Kiki Iriafen,WSH,starter
2026-07-07T00:19:01Z,401857043,Shakira Austin,WSH,starter
2026-07-07T00:19:01Z,401857043,Cotie McMahon,WSH,starter
2026-07-07T00:19:01Z,401857043,Georgia Amoore,WSH,starter
2026-07-07T00:19:01Z,401857043,Angela Dugalic,WSH,active
2026-07-07T00:19:01Z,401857043,Lauren Betts,WSH,active
2026-07-07T00:19:01Z,401857043,Lucy Olsen,WSH,active
2026-07-07T00:19:01Z,401857043,Alicia Florez,WSH,active
2026-07-07T00:19:01Z,401857043,Rori Harmon,WSH,active
2026-07-07T00:19:01Z,401857043,Sonia Citron,WSH,active
2026-07-07T00:19:01Z,401857043,Cassandre Prosper,WSH,active
2026-07-07T00:19:01Z,401857044,Diamond Miller,CON,starter
2026-07-07T00:19:01Z,401857044,Brittney Griner,CON,starter
2026-07-07T00:19:01Z,401857044,Olivia Nelson-Ododa,CON,starter
2026-07-07T00:19:01Z,401857044,Charlisse Leger-Walker,CON,starter
2026-07-07T00:19:01Z,401857044,Leila Lacan,CON,starter
2026-07-07T00:19:01Z,401857044,Aaliyah Edwards,CON,active
2026-07-07T00:19:01Z,401857044,Kennedy Burke,CON,active
2026-07-07T00:19:01Z,401857044,Saniya Rivers,CON,active
2026-07-07T00:19:01Z,401857044,Aneesah Morrow,CON,active
2026-07-07T00:19:01Z,401857044,Raegan Beers,CON,active
2026-07-07T00:19:01Z,401857044,Nell Angloma,CON,active
2026-07-07T00:19:01Z,401857044,Gianna Kneepkens,CON,active
2026-07-07T00:19:01Z,401857044,Natasha Howard,MIN,starter
2026-07-07T00:19:01Z,401857044,Nia Coffey,MIN,starter
2026-07-07T00:19:01Z,401857044,Kayla McBride,MIN,starter
2026-07-07T00:19:01Z,401857044,Courtney Williams,MIN,starter
2026-07-07T00:19:01Z,401857044,Maya Caldwell,MIN,starter
2026-07-07T00:19:01Z,401857044,Dorka Juhasz,MIN,active
2026-07-07T00:19:01Z,401857044,Anastasiia Olairi Kosu,MIN,active
2026-07-07T00:19:01Z,401857044,Napheesa Collier,MIN,active
2026-07-07T00:19:01Z,401857044,Liatu King,MIN,active
2026-07-07T00:19:01Z,401857044,Antonia Delaere,MIN,active
2026-07-07T00:19:01Z,401857044,Emma Cechova,MIN,active
2026-07-07T00:19:01Z,401857044,Olivia Miles,MIN,active
2026-07-07T00:19:01Z,401857044,Eliska Hamzova,MIN,active
2026-07-08T01:09:28Z,401857046,Jessica Shepard,DAL,starter
2026-07-08T01:09:28Z,401857046,Awak Kuier,DAL,starter
2026-07-08T01:09:28Z,401857046,Arike Ogunbowale,DAL,starter
2026-07-08T01:09:28Z,401857046,Paige Bueckers,DAL,starter
2026-07-08T01:09:28Z,401857046,Azzi Fudd,DAL,starter
2026-07-08T01:09:28Z,401857046,Alanna Smith,DAL,active
2026-07-08T01:09:28Z,401857046,Odyssey Sims,DAL,active
2026-07-08T01:09:28Z,401857046,Aziaha James,DAL,active
2026-07-08T01:09:28Z,401857046,Alysha Clark,DAL,active
2026-07-08T01:09:28Z,401857046,Maddy Siegrist,DAL,active
2026-07-08T01:09:28Z,401857046,Li Yueru,DAL,active
2026-07-08T01:09:28Z,401857046,Sug Sutton,DAL,active
2026-07-08T01:09:28Z,401857046,Haley Jones,DAL,active
2026-07-08T01:09:28Z,401857046,Costanza Verona,DAL,active
2026-07-08T01:09:28Z,401857046,Breanna Stewart,NY,starter
2026-07-08T01:09:28Z,401857046,Jonquel Jones,NY,starter
2026-07-08T01:09:28Z,401857046,Rebekah Gardner,NY,starter
2026-07-08T01:09:28Z,401857046,Sabrina Ionescu,NY,starter
2026-07-08T01:09:28Z,401857046,Pauline Astier,NY,starter
2026-07-08T01:09:28Z,401857046,Raquel Carrera,NY,active
2026-07-08T01:09:28Z,401857046,Han Xu,NY,active
2026-07-08T01:09:28Z,401857046,Betnijah Laney-Hamilton,NY,active
2026-07-08T01:09:28Z,401857046,Marine Johannes,NY,active
2026-07-08T01:09:28Z,401857046,Rebecca Allen,NY,active
2026-07-08T03:43:36Z,401857047,Azura Stevens,CHI,starter
2026-07-08T03:43:36Z,401857047,Kamilla Cardoso,CHI,starter
2026-07-08T03:43:36Z,401857047,Courtney Vandersloot,CHI,starter
2026-07-08T03:43:36Z,401857047,Natasha Cloud,CHI,starter
2026-07-08T03:43:36Z,401857047,Sydney Taylor,CHI,starter
2026-07-08T03:43:36Z,401857047,Elizabeth Williams,CHI,active
2026-07-08T03:43:36Z,401857047,Rachel Banham,CHI,active
2026-07-08T03:43:36Z,401857047,Jacy Sheldon,CHI,active
2026-07-08T03:43:36Z,401857047,Aicha Coulibaly,CHI,active
2026-07-08T03:43:36Z,401857047,Gabriela Jaquez,CHI,active
2026-07-08T03:43:36Z,401857047,Skylar Diggins,CHI,active
2026-07-08T03:43:36Z,401857047,DiJonai Carrington,CHI,active
2026-07-08T03:43:36Z,401857047,DeWanna Bonner,PHX,starter
2026-07-08T03:43:36Z,401857047,Alyssa Thomas,PHX,starter
2026-07-08T03:43:36Z,401857047,Valeriane Ayayi,PHX,starter
2026-07-08T03:43:36Z,401857047,Kahleah Copper,PHX,starter
2026-07-08T03:43:36Z,401857047,Lexi Held,PHX,starter
2026-07-08T03:43:36Z,401857047,Marta Suarez,PHX,active
2026-07-08T03:43:36Z,401857047,Noemie Brochant,PHX,active
2026-07-08T03:43:36Z,401857047,Kyara Linskens,PHX,active
2026-07-08T03:43:36Z,401857047,Monique Akoa Makani,PHX,active
2026-07-08T03:43:36Z,401857047,Natasha Mack,PHX,active
2026-07-08T03:43:36Z,401857047,Sami Whitcomb,PHX,active
2026-07-08T23:45:03Z,401857048,Kayla Thornton,GS,starter
2026-07-08T23:45:03Z,401857048,Gabby Williams,GS,starter
2026-07-08T23:45:03Z,401857048,Cecilia Zandalasini,GS,starter
2026-07-08T23:45:03Z,401857048,Kiah Stokes,GS,starter
2026-07-08T23:45:03Z,401857048,Veronica Burton,GS,starter
2026-07-08T23:45:03Z,401857048,Laeticia Amihere,GS,active
2026-07-08T23:45:03Z,401857048,Janelle Salaun,GS,active
2026-07-08T23:45:03Z,401857048,Nadia Fingall,GS,active
2026-07-08T23:45:03Z,401857048,Tiffany Hayes,GS,active
2026-07-08T23:45:03Z,401857048,Kaila Charles,GS,active
2026-07-08T23:45:03Z,401857048,Kaitlyn Chen,GS,active
2026-07-08T23:45:03Z,401857048,Juste Jocyte,GS,active
2026-07-08T23:45:03Z,401857048,Isabelle Harrison,TOR,starter
2026-07-08T23:45:03Z,401857048,Maria Conde,TOR,starter
2026-07-08T23:45:03Z,401857048,Nyara Sabally,TOR,starter
2026-07-08T23:45:03Z,401857048,Marina Mabrey,TOR,starter
2026-07-08T23:45:03Z,401857048,Julie Allemand,TOR,starter
2026-07-08T23:45:03Z,401857048,Teonni Key,TOR,active
2026-07-08T23:45:03Z,401857048,Laura Juskaite,TOR,active
2026-07-08T23:45:03Z,401857048,Kia Nurse,TOR,active
2026-07-08T23:45:03Z,401857048,Tima Pouye,TOR,active
2026-07-08T23:45:03Z,401857048,Temi Fagbenle,TOR,active
2026-07-08T23:45:03Z,401857048,Brittney Sykes,TOR,active
2026-07-08T23:45:03Z,401857048,Kiki Rice,TOR,active
2026-07-08T23:45:03Z,401857048,Ornella Bankole,TOR,active
2026-07-08T23:45:03Z,401857049,Natasha Howard,MIN,starter
2026-07-08T23:45:03Z,401857049,Nia Coffey,MIN,starter
2026-07-08T23:45:03Z,401857049,Kayla McBride,MIN,starter
2026-07-08T23:45:03Z,401857049,Courtney Williams,MIN,starter
2026-07-08T23:45:03Z,401857049,Maya Caldwell,MIN,starter
2026-07-08T23:45:03Z,401857049,Dorka Juhasz,MIN,active
2026-07-08T23:45:03Z,401857049,Napheesa Collier,MIN,active
2026-07-08T23:45:03Z,401857049,Antonia Delaere,MIN,active
2026-07-08T23:45:03Z,401857049,Anastasiia Olairi Kosu,MIN,active
2026-07-08T23:45:03Z,401857049,Emma Cechova,MIN,active
2026-07-08T23:45:03Z,401857049,Olivia Miles,MIN,active
2026-07-08T23:45:03Z,401857049,Eliska Hamzova,MIN,active
2026-07-08T23:45:03Z,401857049,Aaliyah Edwards,CON,starter
2026-07-08T23:45:03Z,401857049,Diamond Miller,CON,starter
2026-07-08T23:45:03Z,401857049,Olivia Nelson-Ododa,CON,starter
2026-07-08T23:45:03Z,401857049,Charlisse Leger-Walker,CON,starter
2026-07-08T23:45:03Z,401857049,Leila Lacan,CON,starter
2026-07-08T23:45:03Z,401857049,Raegan Beers,CON,active
2026-07-08T23:45:03Z,401857049,Saniya Rivers,CON,active
2026-07-08T23:45:03Z,401857049,Aneesah Morrow,CON,active
2026-07-08T23:45:03Z,401857049,Nell Angloma,CON,active
2026-07-08T23:45:03Z,401857049,Brittney Griner,CON,active
2026-07-08T23:45:03Z,401857049,Kennedy Burke,CON,active
2026-07-08T23:45:03Z,401857049,Hailey Van Lith,CON,active
2026-07-08T23:45:03Z,401857049,Gianna Kneepkens,CON,active
2026-07-08T23:45:03Z,401857049,Ashlon Jackson,CON,active
2026-07-10T01:14:44Z,401857051,Dominique Malonga,SEA,starter
2026-07-10T01:14:44Z,401857051,Awa Fam,SEA,starter
2026-07-10T01:14:44Z,401857051,Natisha Hiedeman,SEA,starter
2026-07-10T01:14:44Z,401857051,Flau'jae Johnson,SEA,starter
2026-07-10T01:14:44Z,401857051,Jade Melbourne,SEA,starter
2026-07-10T01:14:44Z,401857051,Katie Lou Samuelson,SEA,active
2026-07-10T01:14:44Z,401857051,Ezi Magbegor,SEA,active
2026-07-10T01:14:44Z,401857051,Jordan Horston,SEA,active
2026-07-10T01:14:44Z,401857051,Stefanie Dolson,SEA,active
2026-07-10T01:14:44Z,401857051,Zia Cooke,SEA,active
2026-07-10T01:14:44Z,401857051,Mackenzie Holmes,SEA,active
2026-07-10T01:14:44Z,401857051,Taylor Thierry,SEA,active
2026-07-10T01:14:44Z,401857051,Naz Hillmon,ATL,starter
2026-07-10T01:14:44Z,401857051,Angel Reese,ATL,starter
2026-07-10T01:14:44Z,401857051,Allisha Gray,ATL,starter
2026-07-10T01:14:44Z,401857051,Jordin Canada,ATL,starter
2026-07-10T01:14:44Z,401857051,Rhyne Howard,ATL,starter
2026-07-10T01:14:44Z,401857051,Sika Kone,ATL,active
2026-07-10T01:14:44Z,401857051,Madina Okot,ATL,active
2026-07-10T01:14:44Z,401857051,Te-Hina Paopao,ATL,active
2026-07-10T01:14:44Z,401857051,Isobel Borlase,ATL,active
2026-07-10T01:14:44Z,401857051,Brionna Jones,ATL,active
2026-07-10T01:14:44Z,401857051,Shatori Walker-Kimbrough,ATL,active
2026-07-10T01:14:44Z,401857051,Aaliyah Nye,ATL,active
2026-07-10T04:13:53Z,401857052,Monique Billings,IND,starter
2026-07-10T04:13:53Z,401857052,Aliyah Boston,IND,starter
2026-07-10T04:13:53Z,401857052,Kelsey Mitchell,IND,starter
2026-07-10T04:13:53Z,401857052,Tyasha Harris,IND,starter
2026-07-10T04:13:53Z,401857052,Lexie Hull,IND,starter
2026-07-10T04:13:53Z,401857052,Myisha Hines-Allen,IND,active
2026-07-10T04:13:53Z,401857052,Makayla Timpson,IND,active
2026-07-10T04:13:53Z,401857052,Sophie Cunningham,IND,active
2026-07-10T04:13:53Z,401857052,Raven Johnson,IND,active
2026-07-10T04:13:53Z,401857052,Grace VanSlooten,IND,active
2026-07-10T04:13:53Z,401857052,Damiris Dantas,IND,active
2026-07-10T04:13:53Z,401857052,Caitlin Clark,IND,active
2026-07-10T04:13:53Z,401857052,Bree Hall,IND,active
2026-07-10T04:13:53Z,401857052,DeWanna Bonner,PHX,starter
2026-07-10T04:13:53Z,401857052,Alyssa Thomas,PHX,starter
2026-07-10T04:13:53Z,401857052,Valeriane Ayayi,PHX,starter
2026-07-10T04:13:53Z,401857052,Kahleah Copper,PHX,starter
2026-07-10T04:13:53Z,401857052,Lexi Held,PHX,starter
2026-07-10T04:13:53Z,401857052,Natasha Mack,PHX,active
2026-07-10T04:13:53Z,401857052,Marta Suarez,PHX,active
2026-07-10T04:13:53Z,401857052,Noemie Brochant,PHX,active
2026-07-10T04:13:53Z,401857052,Sami Whitcomb,PHX,active
2026-07-10T04:13:53Z,401857052,Monique Akoa Makani,PHX,active
2026-07-10T04:13:53Z,401857052,Kyara Linskens,PHX,active
2026-07-10T04:13:53Z,401857052,Shay Ciezki,PHX,active
2026-07-10T04:13:53Z,401857052,Quionche Carter,PHX,active
2026-07-10T23:37:15Z,401857054,Kayla Thornton,GS,starter
2026-07-10T23:37:15Z,401857054,Cecilia Zandalasini,GS,starter
2026-07-10T23:37:15Z,401857054,Kiah Stokes,GS,starter
2026-07-10T23:37:15Z,401857054,Kaila Charles,GS,starter
2026-07-10T23:37:15Z,401857054,Veronica Burton,GS,starter
2026-07-10T23:37:15Z,401857054,Gabby Williams,GS,active
2026-07-10T23:37:15Z,401857054,Laeticia Amihere,GS,active
2026-07-10T23:37:15Z,401857054,Ashten Prechtel,GS,active
2026-07-10T23:37:15Z,401857054,Janelle Salaun,GS,active
2026-07-10T23:37:15Z,401857054,Nadia Fingall,GS,active
2026-07-10T23:37:15Z,401857054,Tiffany Hayes,GS,active
2026-07-10T23:37:15Z,401857054,Miela Sowah,GS,active
2026-07-10T23:37:15Z,401857054,Kaitlyn Chen,GS,active
2026-07-10T23:37:15Z,401857054,Juste Jocyte,GS,active
2026-07-10T23:37:15Z,401857054,Aaliyah Edwards,CON,starter
2026-07-10T23:37:15Z,401857054,Diamond Miller,CON,starter
2026-07-10T23:37:15Z,401857054,Olivia Nelson-Ododa,CON,starter
2026-07-10T23:37:15Z,401857054,Charlisse Leger-Walker,CON,starter
2026-07-10T23:37:15Z,401857054,Leila Lacan,CON,starter
2026-07-10T23:37:15Z,401857054,Aneesah Morrow,CON,active
2026-07-10T23:37:15Z,401857054,Raegan Beers,CON,active
2026-07-10T23:37:15Z,401857054,Nell Angloma,CON,active
2026-07-10T23:37:15Z,401857054,Brittney Griner,CON,active
2026-07-10T23:37:15Z,401857054,Kennedy Burke,CON,active
2026-07-10T23:37:15Z,401857054,Hailey Van Lith,CON,active
2026-07-10T23:37:15Z,401857054,Saniya Rivers,CON,active
2026-07-10T23:37:15Z,401857054,Gianna Kneepkens,CON,active
2026-07-10T23:37:15Z,401857054,Ashlon Jackson,CON,active
2026-07-10T23:37:15Z,401857055,Jessica Shepard,DAL,starter
2026-07-10T23:37:15Z,401857055,Awak Kuier,DAL,starter
2026-07-10T23:37:15Z,401857055,Arike Ogunbowale,DAL,starter
2026-07-10T23:37:15Z,401857055,Paige Bueckers,DAL,starter
2026-07-10T23:37:15Z,401857055,Azzi Fudd,DAL,starter
2026-07-10T23:37:15Z,401857055,Alysha Clark,DAL,active
2026-07-10T23:37:15Z,401857055,Alanna Smith,DAL,active
2026-07-10T23:37:15Z,401857055,Maddy Siegrist,DAL,active
2026-07-10T23:37:15Z,401857055,Li Yueru,DAL,active
2026-07-10T23:37:15Z,401857055,Odyssey Sims,DAL,active
2026-07-10T23:37:15Z,401857055,Sug Sutton,DAL,active
2026-07-10T23:37:15Z,401857055,Aziaha James,DAL,active
2026-07-10T23:37:15Z,401857055,Isabelle Harrison,TOR,starter
2026-07-10T23:37:15Z,401857055,Maria Conde,TOR,starter
2026-07-10T23:37:15Z,401857055,Laura Juskaite,TOR,starter
2026-07-10T23:37:15Z,401857055,Marina Mabrey,TOR,starter
2026-07-10T23:37:15Z,401857055,Julie Allemand,TOR,starter
2026-07-10T23:37:15Z,401857055,Nyara Sabally,TOR,active
2026-07-10T23:37:15Z,401857055,Teonni Key,TOR,active
2026-07-10T23:37:15Z,401857055,Kayla Alexander,TOR,active
2026-07-10T23:37:15Z,401857055,Temi Fagbenle,TOR,active
2026-07-10T23:37:15Z,401857055,Brittney Sykes,TOR,active
2026-07-10T23:37:15Z,401857055,Kia Nurse,TOR,active
2026-07-10T23:37:15Z,401857055,Kiki Rice,TOR,active
2026-07-10T23:37:15Z,401857055,Tima Pouye,TOR,active
2026-07-11T03:41:33Z,401857056,Azura Stevens,CHI,starter
2026-07-11T03:41:33Z,401857056,Kamilla Cardoso,CHI,starter
2026-07-11T03:41:33Z,401857056,Courtney Vandersloot,CHI,starter
2026-07-11T03:41:33Z,401857056,Natasha Cloud,CHI,starter
2026-07-11T03:41:33Z,401857056,Sydney Taylor,CHI,starter
2026-07-11T03:41:33Z,401857056,Elizabeth Williams,CHI,active
2026-07-11T03:41:33Z,401857056,Rachel Banham,CHI,active
2026-07-11T03:41:33Z,401857056,Jacy Sheldon,CHI,active
2026-07-11T03:41:33Z,401857056,Aicha Coulibaly,CHI,active
2026-07-11T03:41:33Z,401857056,Gabriela Jaquez,CHI,active
2026-07-11T03:41:33Z,401857056,Nneka Ogwumike,LA,starter
2026-07-11T03:41:33Z,401857056,Dearica Hamby,LA,starter
2026-07-11T03:41:33Z,401857056,Erica Wheeler,LA,starter
2026-07-11T03:41:33Z,401857056,Ariel Atkins,LA,starter
2026-07-11T03:41:33Z,401857056,Rae Burrell,LA,starter
2026-07-11T03:41:33Z,401857056,Emma Cannon,LA,active
2026-07-11T03:41:33Z,401857056,Jihyun Park,LA,active
2026-07-11T03:41:33Z,401857056,Alissa Pili,LA,active
2026-07-11T03:41:33Z,401857056,Kiana Williams,LA,active
2026-07-11T03:41:33Z,401857056,Kate Martin,LA,active
2026-07-11T03:41:33Z,401857056,Chance Gray,LA,active
2026-07-11T17:15:32Z,401857057,Breanna Stewart,NY,starter
2026-07-11T17:15:32Z,401857057,Jonquel Jones,NY,starter
2026-07-11T17:15:32Z,401857057,Rebekah Gardner,NY,starter
2026-07-11T17:15:32Z,401857057,Sabrina Ionescu,NY,starter
2026-07-11T17:15:32Z,401857057,Pauline Astier,NY,starter
2026-07-11T17:15:32Z,401857057,Marine Johannes,NY,active
2026-07-11T17:15:32Z,401857057,Satou Sabally,NY,active
2026-07-11T17:15:32Z,401857057,Leonie Fiebich,NY,active
2026-07-11T17:15:32Z,401857057,Raquel Carrera,NY,active
2026-07-11T17:15:32Z,401857057,Han Xu,NY,active
2026-07-11T17:15:32Z,401857057,Betnijah Laney-Hamilton,NY,active
2026-07-11T17:15:32Z,401857057,Rebecca Allen,NY,active
2026-07-11T17:15:32Z,401857057,Natasha Howard,MIN,starter
2026-07-11T17:15:32Z,401857057,Nia Coffey,MIN,starter
2026-07-11T17:15:32Z,401857057,Kayla McBride,MIN,starter
2026-07-11T17:15:32Z,401857057,Courtney Williams,MIN,starter
2026-07-11T17:15:32Z,401857057,Olivia Miles,MIN,starter
2026-07-11T17:15:32Z,401857057,Dorka Juhasz,MIN,active
2026-07-11T17:15:32Z,401857057,Napheesa Collier,MIN,active
2026-07-11T17:15:32Z,401857057,Antonia Delaere,MIN,active
2026-07-11T17:15:32Z,401857057,Anastasiia Olairi Kosu,MIN,active
2026-07-11T17:15:32Z,401857057,Emma Cechova,MIN,active
2026-07-11T17:15:32Z,401857057,Maya Caldwell,MIN,active
2026-07-11T17:15:32Z,401857057,Eliska Hamzova,MIN,active
2026-07-11T21:02:39Z,401857059,Bridget Carleton,POR,starter
2026-07-11T21:02:39Z,401857059,Emily Engstler,POR,starter
2026-07-11T21:02:39Z,401857059,Nyadiew Puoch,POR,starter
2026-07-11T21:02:39Z,401857059,Megan Gustafson,POR,starter
2026-07-11T21:02:39Z,401857059,Carla Leite,POR,starter
2026-07-11T21:02:39Z,401857059,Frieda Buhner,POR,active
2026-07-11T21:02:39Z,401857059,Serah Williams,POR,active
2026-07-11T21:02:39Z,401857059,Karlie Samuelson,POR,active
2026-07-11T21:02:39Z,401857059,Holly Winterburn,POR,active
2026-07-11T21:02:39Z,401857059,Teja Oblak,POR,active
2026-07-11T21:02:39Z,401857059,Luisa Geiselsoder,POR,active
2026-07-11T21:02:39Z,401857059,Naz Hillmon,ATL,starter
2026-07-11T21:02:39Z,401857059,Madina Okot,ATL,starter
2026-07-11T21:02:39Z,401857059,Allisha Gray,ATL,starter
2026-07-11T21:02:39Z,401857059,Jordin Canada,ATL,starter
2026-07-11T21:02:39Z,401857059,Rhyne Howard,ATL,starter
2026-07-11T21:02:39Z,401857059,Sika Kone,ATL,active
2026-07-11T21:02:39Z,401857059,Te-Hina Paopao,ATL,active
2026-07-11T21:02:39Z,401857059,Aaliyah Nye,ATL,active
2026-07-11T21:02:39Z,401857059,Isobel Borlase,ATL,active
2026-07-11T21:02:39Z,401857059,Shatori Walker-Kimbrough,ATL,active
2026-07-11T21:02:39Z,401857059,Indya Nivar,ATL,active
2026-07-11T23:08:06Z,401857058,DeWanna Bonner,PHX,starter
2026-07-11T23:08:06Z,401857058,Alyssa Thomas,PHX,starter
2026-07-11T23:08:06Z,401857058,Valeriane Ayayi,PHX,starter
2026-07-11T23:08:06Z,401857058,Kahleah Copper,PHX,starter
2026-07-11T23:08:06Z,401857058,Monique Akoa Makani,PHX,starter
2026-07-11T23:08:06Z,401857058,Marta Suarez,PHX,active
2026-07-11T23:08:06Z,401857058,Noemie Brochant,PHX,active
2026-07-11T23:08:06Z,401857058,Sami Whitcomb,PHX,active
2026-07-11T23:08:06Z,401857058,Lexi Held,PHX,active
2026-07-11T23:08:06Z,401857058,Kyara Linskens,PHX,active
2026-07-11T23:08:06Z,401857058,Stephanie Talbot,LV,starter
2026-07-11T23:08:06Z,401857058,NaLyssa Smith,LV,starter
2026-07-11T23:08:06Z,401857058,A'ja Wilson,LV,starter
2026-07-11T23:08:06Z,401857058,Chelsea Gray,LV,starter
2026-07-11T23:08:06Z,401857058,Jackie Young,LV,starter
2026-07-11T23:08:06Z,401857058,Cheyenne Parker-Tyus,LV,active
2026-07-11T23:08:06Z,401857058,Brianna Turner,LV,active
2026-07-11T23:08:06Z,401857058,Kierstan Bell,LV,active
2026-07-11T23:08:06Z,401857058,Jewell Loyd,LV,active
2026-07-11T23:08:06Z,401857058,Justine Pissott,LV,active
